{
	"url": "https://www.google.com/",
	"pageTitle": "Google",
	"totalItems": 275,
	"mustFix": {
		"totalItems": 10,
		"rules": {
			"aria-valid-attr-value": {
				"description": "ARIA attributes must conform to valid values",
				"helpUrl": "https://dequeuniversity.com/rules/axe/4.6/aria-valid-attr-value?application=purple-hats",
				"conformance": [
					"wcag2a",
					"wcag412"
				],
				"totalItems": 2,
				"items": [
					{
						"html": "<textarea class=\"gLFyf\" jsaction=\"paste:puy29d;\" id=\"APjFqb\" maxlength=\"2048\" name=\"q\" rows=\"1\" aria-activedescendant=\"\" aria-autocomplete=\"both\" aria-controls=\"Alh6id\" aria-expanded=\"false\" aria-haspopup=\"both\" aria-owns=\"Alh6id\" autocapitalize=\"off\" autocomplete=\"off\" autocorrect=\"off\" autofocus=\"\" role=\"combobox\" spellcheck=\"false\" title=\"Search\" type=\"search\" value=\"\" aria-label=\"Search\" data-ved=\"0ahUKEwiRoMaC1OD_AhWLbmwGHRAYAasQ39UDCAY\">",
						"message": "Fix all of the following:\n  Invalid ARIA attribute value: aria-haspopup=\"both\""
					},
					{
						"html": "<div jsname=\"LgbsSe\" class=\"ayzqOc pHiOh\" aria-controls=\"_5l6ZZJGVIovdseMPkLCE2Ao_1\" aria-haspopup=\"true\">Settings</div>",
						"message": "Fix all of the following:\n  Invalid ARIA attribute value: aria-controls=\"_5l6ZZJGVIovdseMPkLCE2Ao_1\""
					}
				]
			},
			"color-contrast": {
				"description": "Elements must have sufficient color contrast",
				"helpUrl": "https://dequeuniversity.com/rules/axe/4.6/color-contrast?application=purple-hats",
				"conformance": [
					"wcag2aa",
					"wcag143"
				],
				"totalItems": 7,
				"items": [
					{
						"html": "<div class=\"uU7dJb\">Singapore</div>",
						"message": "Fix any of the following:\n  Element has insufficient color contrast of 4.15 (foreground color: #70757a, background color: #f2f2f2, font size: 11.3pt (15px), font weight: normal). Expected contrast ratio of 4.5:1"
					},
					{
						"html": "<a class=\"pHiOh\" href=\"https://www.google.com/intl/en_sg/ads/?subid=ww-ww-et-g-awa-a-g_hpafoot1_1!o2&amp;utm_source=google.com&amp;utm_medium=referral&amp;utm_campaign=google_hpafooter&amp;fg=1\" ping=\"/url?sa=t&amp;rct=j&amp;source=webhp&amp;url=https://www.google.com/intl/en_sg/ads/%3Fsubid%3Dww-ww-et-g-awa-a-g_hpafoot1_1!o2%26utm_source%3Dgoogle.com%26utm_medium%3Dreferral%26utm_campaign%3Dgoogle_hpafooter%26fg%3D1&amp;ved=0ahUKEwiRoMaC1OD_AhWLbmwGHRAYAasQkdQCCBY\">",
						"message": "Fix any of the following:\n  Element has insufficient color contrast of 4.15 (foreground color: #70757a, background color: #f2f2f2, font size: 10.5pt (14px), font weight: normal). Expected contrast ratio of 4.5:1"
					},
					{
						"html": "<a class=\"pHiOh\" href=\"https://www.google.com/services/?subid=ww-ww-et-g-awa-a-g_hpbfoot1_1!o2&amp;utm_source=google.com&amp;utm_medium=referral&amp;utm_campaign=google_hpbfooter&amp;fg=1\" ping=\"/url?sa=t&amp;rct=j&amp;source=webhp&amp;url=https://www.google.com/services/%3Fsubid%3Dww-ww-et-g-awa-a-g_hpbfoot1_1!o2%26utm_source%3Dgoogle.com%26utm_medium%3Dreferral%26utm_campaign%3Dgoogle_hpbfooter%26fg%3D1&amp;ved=0ahUKEwiRoMaC1OD_AhWLbmwGHRAYAasQktQCCBc\">",
						"message": "Fix any of the following:\n  Element has insufficient color contrast of 4.15 (foreground color: #70757a, background color: #f2f2f2, font size: 10.5pt (14px), font weight: normal). Expected contrast ratio of 4.5:1"
					},
					{
						"html": "<a class=\"pHiOh\" href=\"https://google.com/search/howsearchworks/?fg=1\"> How Search works </a>",
						"message": "Fix any of the following:\n  Element has insufficient color contrast of 4.15 (foreground color: #70757a, background color: #f2f2f2, font size: 10.5pt (14px), font weight: normal). Expected contrast ratio of 4.5:1"
					},
					{
						"html": "<a class=\"pHiOh\" href=\"https://policies.google.com/privacy?hl=en-SG&amp;fg=1\" ping=\"/url?sa=t&amp;rct=j&amp;source=webhp&amp;url=https://policies.google.com/privacy%3Fhl%3Den-SG%26fg%3D1&amp;ved=0ahUKEwiRoMaC1OD_AhWLbmwGHRAYAasQ8awCCBg\">Privacy</a>",
						"message": "Fix any of the following:\n  Element has insufficient color contrast of 4.15 (foreground color: #70757a, background color: #f2f2f2, font size: 10.5pt (14px), font weight: normal). Expected contrast ratio of 4.5:1"
					},
					{
						"html": "<a class=\"pHiOh\" href=\"https://policies.google.com/terms?hl=en-SG&amp;fg=1\" ping=\"/url?sa=t&amp;rct=j&amp;source=webhp&amp;url=https://policies.google.com/terms%3Fhl%3Den-SG%26fg%3D1&amp;ved=0ahUKEwiRoMaC1OD_AhWLbmwGHRAYAasQ8qwCCBk\">Terms</a>",
						"message": "Fix any of the following:\n  Element has insufficient color contrast of 4.15 (foreground color: #70757a, background color: #f2f2f2, font size: 10.5pt (14px), font weight: normal). Expected contrast ratio of 4.5:1"
					},
					{
						"html": "<div jsname=\"LgbsSe\" class=\"ayzqOc pHiOh\" aria-controls=\"_5l6ZZJGVIovdseMPkLCE2Ao_1\" aria-haspopup=\"true\">Settings</div>",
						"message": "Fix any of the following:\n  Element has insufficient color contrast of 4.15 (foreground color: #70757a, background color: #f2f2f2, font size: 10.5pt (14px), font weight: normal). Expected contrast ratio of 4.5:1"
					}
				]
			},
			"bypass": {
				"description": "Page must have means to bypass repeated blocks",
				"helpUrl": "https://dequeuniversity.com/rules/axe/4.6/bypass?application=purple-hats",
				"conformance": [
					"wcag2a",
					"wcag241"
				],
				"totalItems": 1,
				"items": [
					{
						"html": "<html itemscope=\"\" itemtype=\"http://schema.org/WebPage\" lang=\"en-SG\">",
						"message": "No valid skip link found\n  Page does not have a heading\n  Page does not have a landmark region",
						"needsReview": true
					}
				]
			}
		}
	},
	"goodToFix": {
		"totalItems": 13,
		"rules": {
			"aria-allowed-role": {
				"description": "ARIA role should be appropriate for the element",
				"helpUrl": "https://dequeuniversity.com/rules/axe/4.6/aria-allowed-role?application=purple-hats",
				"conformance": [
					"best-practice"
				],
				"totalItems": 1,
				"items": [
					{
						"html": "<textarea class=\"gLFyf\" jsaction=\"paste:puy29d;\" id=\"APjFqb\" maxlength=\"2048\" name=\"q\" rows=\"1\" aria-activedescendant=\"\" aria-autocomplete=\"both\" aria-controls=\"Alh6id\" aria-expanded=\"false\" aria-haspopup=\"both\" aria-owns=\"Alh6id\" autocapitalize=\"off\" autocomplete=\"off\" autocorrect=\"off\" autofocus=\"\" role=\"combobox\" spellcheck=\"false\" title=\"Search\" type=\"search\" value=\"\" aria-label=\"Search\" data-ved=\"0ahUKEwiRoMaC1OD_AhWLbmwGHRAYAasQ39UDCAY\">",
						"message": "Fix any of the following:\n  ARIA role combobox is not allowed for given element"
					}
				]
			},
			"landmark-one-main": {
				"description": "Document should have one main landmark",
				"helpUrl": "https://dequeuniversity.com/rules/axe/4.6/landmark-one-main?application=purple-hats",
				"conformance": [
					"best-practice"
				],
				"totalItems": 1,
				"items": [
					{
						"html": "<html itemscope=\"\" itemtype=\"http://schema.org/WebPage\" lang=\"en-SG\">",
						"message": "Fix all of the following:\n  Document does not have a main landmark"
					}
				]
			},
			"page-has-heading-one": {
				"description": "Page should contain a level-one heading",
				"helpUrl": "https://dequeuniversity.com/rules/axe/4.6/page-has-heading-one?application=purple-hats",
				"conformance": [
					"best-practice"
				],
				"totalItems": 1,
				"items": [
					{
						"html": "<html itemscope=\"\" itemtype=\"http://schema.org/WebPage\" lang=\"en-SG\">",
						"message": "Fix all of the following:\n  Page must have a level-one heading"
					}
				]
			},
			"region": {
				"description": "All page content should be contained by landmarks",
				"helpUrl": "https://dequeuniversity.com/rules/axe/4.6/region?application=purple-hats",
				"conformance": [
					"best-practice"
				],
				"totalItems": 10,
				"items": [
					{
						"html": "<a class=\"MV3Tnb\" href=\"https://about.google/?fg=1&amp;utm_source=google-SG&amp;utm_medium=referral&amp;utm_campaign=hp-header\" ping=\"/url?sa=t&amp;rct=j&amp;source=webhp&amp;url=https://about.google/%3Ffg%3D1%26utm_source%3Dgoogle-SG%26utm_medium%3Dreferral%26utm_campaign%3Dhp-header&amp;ved=0ahUKEwiRoMaC1OD_AhWLbmwGHRAYAasQkNQCCAI\">",
						"message": "Fix any of the following:\n  Some page content is not contained by landmarks"
					},
					{
						"html": "<a class=\"MV3Tnb\" href=\"https://store.google.com/SG?utm_source=hp_header&amp;utm_medium=google_ooo&amp;utm_campaign=GS100042&amp;hl=en-SG\" ping=\"/url?sa=t&amp;rct=j&amp;source=webhp&amp;url=https://store.google.com/SG%3Futm_source%3Dhp_header%26utm_medium%3Dgoogle_ooo%26utm_campaign%3DGS100042%26hl%3Den-SG&amp;ved=0ahUKEwiRoMaC1OD_AhWLbmwGHRAYAasQpMwCCAM\">",
						"message": "Fix any of the following:\n  Some page content is not contained by landmarks"
					},
					{
						"html": "<div>",
						"message": "Fix any of the following:\n  Some page content is not contained by landmarks"
					},
					{
						"html": "<a class=\"gb_oa gb_od gb_Pd gb_oe\" href=\"https://accounts.google.com/ServiceLogin?hl=en&amp;passive=true&amp;continue=https://www.google.com/&amp;ec=GAZAmgQ\" target=\"_top\"><span class=\"gb_Md\">Sign in</span></a>",
						"message": "Fix any of the following:\n  Some page content is not contained by landmarks"
					},
					{
						"html": "<img class=\"lnXdpd\" alt=\"Google\" height=\"92\" src=\"/images/branding/googlelogo/2x/googlelogo_color_272x92dp.png\" srcset=\"/images/branding/googlelogo/1x/googlelogo_color_272x92dp.png 1x, /images/branding/googlelogo/2x/googlelogo_color_272x92dp.png 2x\" width=\"272\" data-iml=\"1687772902890\" data-atf=\"1\" data-frt=\"0\">",
						"message": "Fix any of the following:\n  Some page content is not contained by landmarks"
					},
					{
						"html": "<div id=\"SIvCob\">",
						"message": "Fix any of the following:\n  Some page content is not contained by landmarks"
					},
					{
						"html": "<div class=\"uU7dJb\">Singapore</div>",
						"message": "Fix any of the following:\n  Some page content is not contained by landmarks"
					},
					{
						"html": "<div class=\"KxwPGc AghGtd\">",
						"message": "Fix any of the following:\n  Some page content is not contained by landmarks"
					},
					{
						"html": "<a class=\"pHiOh\" href=\"https://policies.google.com/privacy?hl=en-SG&amp;fg=1\" ping=\"/url?sa=t&amp;rct=j&amp;source=webhp&amp;url=https://policies.google.com/privacy%3Fhl%3Den-SG%26fg%3D1&amp;ved=0ahUKEwiRoMaC1OD_AhWLbmwGHRAYAasQ8awCCBg\">Privacy</a>",
						"message": "Fix any of the following:\n  Some page content is not contained by landmarks"
					},
					{
						"html": "<a class=\"pHiOh\" href=\"https://policies.google.com/terms?hl=en-SG&amp;fg=1\" ping=\"/url?sa=t&amp;rct=j&amp;source=webhp&amp;url=https://policies.google.com/terms%3Fhl%3Den-SG%26fg%3D1&amp;ved=0ahUKEwiRoMaC1OD_AhWLbmwGHRAYAasQ8qwCCBk\">Terms</a>",
						"message": "Fix any of the following:\n  Some page content is not contained by landmarks"
					}
				]
			}
		}
	},
	"passed": {
		"totalItems": 252,
		"rules": {
			"aria-allowed-attr": {
				"description": "Elements must only use allowed ARIA attributes",
				"helpUrl": "https://dequeuniversity.com/rules/axe/4.6/aria-allowed-attr?application=purple-hats",
				"conformance": [
					"wcag2a",
					"wcag412"
				],
				"totalItems": 10,
				"items": [
					{
						"html": "<a class=\"gb_v\" aria-label=\"Gmail (opens a new tab)\" data-pid=\"23\" href=\"https://mail.google.com/mail/&amp;ogbl\" target=\"_top\">Gmail</a>"
					},
					{
						"html": "<a class=\"gb_v\" aria-label=\"Search for Images (opens a new tab)\" data-pid=\"2\" href=\"https://www.google.com/imghp?hl=en&amp;ogbl\" target=\"_top\">Images</a>"
					},
					{
						"html": "<a class=\"gb_d\" aria-label=\"Google apps\" href=\"https://www.google.com.sg/intl/en/about/products\" aria-expanded=\"false\" role=\"button\" tabindex=\"0\">"
					},
					{
						"html": "<textarea class=\"gLFyf\" jsaction=\"paste:puy29d;\" id=\"APjFqb\" maxlength=\"2048\" name=\"q\" rows=\"1\" aria-activedescendant=\"\" aria-autocomplete=\"both\" aria-controls=\"Alh6id\" aria-expanded=\"false\" aria-haspopup=\"both\" aria-owns=\"Alh6id\" autocapitalize=\"off\" autocomplete=\"off\" autocorrect=\"off\" autofocus=\"\" role=\"combobox\" spellcheck=\"false\" title=\"Search\" type=\"search\" value=\"\" aria-label=\"Search\" data-ved=\"0ahUKEwiRoMaC1OD_AhWLbmwGHRAYAasQ39UDCAY\">"
					},
					{
						"html": "<div jscontroller=\"unV4T\" jsname=\"F7uqIe\" class=\"XDyW0e\" aria-label=\"Search by voice\" role=\"button\" tabindex=\"0\" jsaction=\"h5M12e;rcuQ6b:npT2md\" data-ved=\"0ahUKEwiRoMaC1OD_AhWLbmwGHRAYAasQvs8DCAg\">"
					},
					{
						"html": "<div jscontroller=\"lpsUAf\" jsname=\"R5mgy\" class=\"nDcEnd\" data-base-lens-url=\"https://lens.google.com\" data-checkerboard-transparent-images-background-enabled=\"false\" data-convert-transparent-images=\"true\" data-dialog-open-contained-to-img-enabled=\"true\" data-downscaling-enabled=\"true\" data-downscaling-max-longest-edge-pixels=\"1000\" data-encoding-compression-ratio=\"0.4\" data-file-format-conversion-enabled=\"true\" data-image-processor-enabled=\"true\" data-is-images-mode=\"false\" data-is-send-dimensions-in-body-enabled=\"false\" data-preferred-mime-type=\"image/jpeg\" data-propagated-experiment-ids=\"72276982,72289742,\" data-transparent-image-background-color=\"#fff\" data-transparent-image-checkerboard-color=\"#fff\" data-upload-path=\"/v3/upload?ssb=1&amp;cpe=1&amp;ifg204=1&amp;\" aria-label=\"Search by image\" role=\"button\" tabindex=\"0\" jsaction=\"rcuQ6b:npT2md;h5M12e\" data-ved=\"0ahUKEwiRoMaC1OD_AhWLbmwGHRAYAasQhqEICAk\">"
					},
					{
						"html": "<input class=\"gNO89b\" value=\"Google Search\" aria-label=\"Google Search\" name=\"btnK\" role=\"button\" tabindex=\"0\" type=\"submit\" data-ved=\"0ahUKEwiRoMaC1OD_AhWLbmwGHRAYAasQ4dUDCBA\">"
					},
					{
						"html": "<input class=\"RNmpXc\" value=\"I'm Feeling Lucky\" aria-label=\"I'm Feeling Lucky\" name=\"btnI\" type=\"submit\" jsaction=\"trigger.kWlxhc\" data-ved=\"0ahUKEwiRoMaC1OD_AhWLbmwGHRAYAasQ19QECBE\">"
					},
					{
						"html": "<div jsname=\"oYxtQd\" class=\"CcNe6e\" aria-expanded=\"false\" aria-haspopup=\"true\" role=\"button\" tabindex=\"0\" jsaction=\"WFrRFb;keydown:uYT2Vb\"><div jsname=\"LgbsSe\" class=\"ayzqOc pHiOh\" aria-controls=\"_5l6ZZJGVIovdseMPkLCE2Ao_1\" aria-haspopup=\"true\">Settings</div></div>"
					},
					{
						"html": "<div jsname=\"LgbsSe\" class=\"ayzqOc pHiOh\" aria-controls=\"_5l6ZZJGVIovdseMPkLCE2Ao_1\" aria-haspopup=\"true\">Settings</div>"
					}
				]
			},
			"aria-allowed-role": {
				"description": "ARIA role should be appropriate for the element",
				"helpUrl": "https://dequeuniversity.com/rules/axe/4.6/aria-allowed-role?application=purple-hats",
				"conformance": [
					"best-practice"
				],
				"totalItems": 47,
				"items": [
					{
						"html": "<a class=\"gb_d\" aria-label=\"Google apps\" href=\"https://www.google.com.sg/intl/en/about/products\" aria-expanded=\"false\" role=\"button\" tabindex=\"0\">"
					},
					{
						"html": "<form action=\"/search\" autocomplete=\"off\" method=\"GET\" role=\"search\">"
					},
					{
						"html": "<div class=\"vOY7J\" tabindex=\"0\" jsname=\"pkjasb\" aria-label=\"Clear\" role=\"button\" jsaction=\"AVsnlb;rcuQ6b:npT2md\" data-ved=\"0ahUKEwiRoMaC1OD_AhWLbmwGHRAYAasQ05YFCAc\">"
					},
					{
						"html": "<div jscontroller=\"unV4T\" jsname=\"F7uqIe\" class=\"XDyW0e\" aria-label=\"Search by voice\" role=\"button\" tabindex=\"0\" jsaction=\"h5M12e;rcuQ6b:npT2md\" data-ved=\"0ahUKEwiRoMaC1OD_AhWLbmwGHRAYAasQvs8DCAg\">"
					},
					{
						"html": "<div jscontroller=\"lpsUAf\" jsname=\"R5mgy\" class=\"nDcEnd\" data-base-lens-url=\"https://lens.google.com\" data-checkerboard-transparent-images-background-enabled=\"false\" data-convert-transparent-images=\"true\" data-dialog-open-contained-to-img-enabled=\"true\" data-downscaling-enabled=\"true\" data-downscaling-max-longest-edge-pixels=\"1000\" data-encoding-compression-ratio=\"0.4\" data-file-format-conversion-enabled=\"true\" data-image-processor-enabled=\"true\" data-is-images-mode=\"false\" data-is-send-dimensions-in-body-enabled=\"false\" data-preferred-mime-type=\"image/jpeg\" data-propagated-experiment-ids=\"72276982,72289742,\" data-transparent-image-background-color=\"#fff\" data-transparent-image-checkerboard-color=\"#fff\" data-upload-path=\"/v3/upload?ssb=1&amp;cpe=1&amp;ifg204=1&amp;\" aria-label=\"Search by image\" role=\"button\" tabindex=\"0\" jsaction=\"rcuQ6b:npT2md;h5M12e\" data-ved=\"0ahUKEwiRoMaC1OD_AhWLbmwGHRAYAasQhqEICAk\">"
					},
					{
						"html": "<div class=\"mkHrUc\" id=\"Alh6id\" role=\"presentation\"><div class=\"erkvQe\" jsname=\"erkvQe\"></div><div class=\"rLrQHf\" jsname=\"tovEib\" role=\"presentation\"></div></div>"
					},
					{
						"html": "<div class=\"rLrQHf\" jsname=\"tovEib\" role=\"presentation\"></div>"
					},
					{
						"html": "<div jsname=\"E80e9e\" class=\"OBMEnb\" id=\"shJ2Vb\" role=\"presentation\"><ul jsname=\"bw4e9b\" class=\"G43f7e\" role=\"listbox\"></ul></div>"
					},
					{
						"html": "<ul jsname=\"bw4e9b\" class=\"G43f7e\" role=\"listbox\"></ul>"
					},
					{
						"html": "<div class=\"ynRric\" id=\"ynRric\" role=\"presentation\"></div>"
					},
					{
						"html": "<li data-view-type=\"1\" class=\"sbct\" id=\"YMXe\" role=\"presentation\">"
					},
					{
						"html": "<div class=\"lnnVSe\" aria-atomic=\"true\" role=\"option\"><div class=\"wM6W7d\"><span></span></div><div class=\"ClJ9Yb\"><span></span></div><div class=\"a5RLac\"><span></span></div></div>"
					},
					{
						"html": "<div class=\"Sz7Lee MagqMc U48fD\" style=\"display:none\" aria-label=\"See more\" role=\"button\" tabindex=\"0\">"
					},
					{
						"html": "<div class=\"AQZ9Vd\" aria-atomic=\"true\" role=\"button\">"
					},
					{
						"html": "<div class=\"sbai\" role=\"presentation\">Delete</div>"
					},
					{
						"html": "<li data-view-type=\"8\" class=\"sbct\" id=\"mitGyb\" role=\"presentation\">"
					},
					{
						"html": "<div aria-atomic=\"true\" class=\"lnnVSe\" role=\"option\"><div class=\"wM6W7d s2Wjec\"><span></span></div><div class=\"ClJ9Yb\"><span></span></div></div>"
					},
					{
						"html": "<div class=\"AQZ9Vd\" aria-atomic=\"true\" role=\"button\"><div class=\"sbai\" role=\"presentation\">Delete</div></div>"
					},
					{
						"html": "<div class=\"sbai\" role=\"presentation\">Delete</div>"
					},
					{
						"html": "<input class=\"gNO89b\" value=\"Google Search\" aria-label=\"Google Search\" name=\"btnK\" role=\"button\" tabindex=\"0\" type=\"submit\" data-ved=\"0ahUKEwiRoMaC1OD_AhWLbmwGHRAYAasQ4dUDCAs\">"
					},
					{
						"html": "<a class=\"oBa0Fe aciXEb\" href=\"#\" id=\"sbfblt\" data-async-trigger=\"duf3-46\" aria-label=\"Give feedback on this result\" role=\"button\" jsaction=\"trigger.szjOR\" data-ved=\"0ahUKEwiRoMaC1OD_AhWLbmwGHRAYAasQtw8IDg\">Report inappropriate predictions</a>"
					},
					{
						"html": "<input class=\"gNO89b\" value=\"Google Search\" aria-label=\"Google Search\" name=\"btnK\" role=\"button\" tabindex=\"0\" type=\"submit\" data-ved=\"0ahUKEwiRoMaC1OD_AhWLbmwGHRAYAasQ4dUDCBA\">"
					},
					{
						"html": "<div jsname=\"oYxtQd\" class=\"CcNe6e\" aria-expanded=\"false\" aria-haspopup=\"true\" role=\"button\" tabindex=\"0\" jsaction=\"WFrRFb;keydown:uYT2Vb\"><div jsname=\"LgbsSe\" class=\"ayzqOc pHiOh\" aria-controls=\"_5l6ZZJGVIovdseMPkLCE2Ao_1\" aria-haspopup=\"true\">Settings</div></div>"
					},
					{
						"html": "<g-menu jsname=\"xl07Ob\" class=\"cF4V5c yTik0 wplJBd PBn44e iQXTJe\" jscontroller=\"WlNQGd\" role=\"menu\" tabindex=\"-1\" jsaction=\"PSl28c;focus:h06R8;keydown:uYT2Vb;mouseenter:WOQqYb;mouseleave:Tx5Rb;mouseover:IgJl9c\">"
					},
					{
						"html": "<g-menu-item jsname=\"NNJLud\" jscontroller=\"CnSW2d\" class=\"EpPYLd GZnQqe\" role=\"none\" data-short-label=\"\" jsdata=\"zPXzie;_;CKZ/6s\">"
					},
					{
						"html": "<div jsname=\"ibnC6b\" class=\"YpcDnf OSrXXb HG1dvd\" role=\"none\"><a href=\"https://www.google.com/preferences?hl=en-SG&amp;fg=1\" role=\"menuitem\" tabindex=\"-1\">Search settings</a></div>"
					},
					{
						"html": "<a href=\"https://www.google.com/preferences?hl=en-SG&amp;fg=1\" role=\"menuitem\" tabindex=\"-1\">Search settings</a>"
					},
					{
						"html": "<g-menu-item jsname=\"NNJLud\" jscontroller=\"CnSW2d\" class=\"EpPYLd GZnQqe\" role=\"none\" data-short-label=\"\" jsdata=\"zPXzie;_;CKZ/6s\">"
					},
					{
						"html": "<div jsname=\"ibnC6b\" class=\"YpcDnf OSrXXb HG1dvd\" role=\"none\"><a href=\"/advanced_search?hl=en-SG&amp;fg=1\" role=\"menuitem\" tabindex=\"-1\">Advanced search</a></div>"
					},
					{
						"html": "<a href=\"/advanced_search?hl=en-SG&amp;fg=1\" role=\"menuitem\" tabindex=\"-1\">Advanced search</a>"
					},
					{
						"html": "<g-menu-item jsname=\"NNJLud\" jscontroller=\"CnSW2d\" class=\"EpPYLd GZnQqe\" role=\"none\" data-short-label=\"\" jsdata=\"zPXzie;_;CKZ/6s\">"
					},
					{
						"html": "<div jsname=\"ibnC6b\" class=\"YpcDnf OSrXXb HG1dvd\" role=\"none\"><a href=\"/history/privacyadvisor/search/unauth?utm_source=googlemenu&amp;fg=1&amp;cctld=com\" role=\"menuitem\" tabindex=\"-1\">Your data in Search</a></div>"
					},
					{
						"html": "<a href=\"/history/privacyadvisor/search/unauth?utm_source=googlemenu&amp;fg=1&amp;cctld=com\" role=\"menuitem\" tabindex=\"-1\">Your data in Search</a>"
					},
					{
						"html": "<g-menu-item jsname=\"NNJLud\" jscontroller=\"CnSW2d\" class=\"EpPYLd GZnQqe\" role=\"none\" data-short-label=\"\" jsdata=\"zPXzie;_;CKZ/6s\">"
					},
					{
						"html": "<div jsname=\"ibnC6b\" class=\"YpcDnf OSrXXb HG1dvd\" role=\"none\"><a href=\"/history/optout?hl=en-SG&amp;fg=1\" role=\"menuitem\" tabindex=\"-1\">Search history</a></div>"
					},
					{
						"html": "<a href=\"/history/optout?hl=en-SG&amp;fg=1\" role=\"menuitem\" tabindex=\"-1\">Search history</a>"
					},
					{
						"html": "<g-menu-item jsname=\"NNJLud\" jscontroller=\"CnSW2d\" class=\"EpPYLd GZnQqe\" role=\"none\" data-short-label=\"\" jsdata=\"zPXzie;_;CKZ/6s\">"
					},
					{
						"html": "<div jsname=\"ibnC6b\" class=\"YpcDnf OSrXXb HG1dvd\" role=\"none\"><a href=\"https://support.google.com/websearch/?p=ws_results_help&amp;hl=en-SG&amp;fg=1\" role=\"menuitem\" tabindex=\"-1\">Search help</a></div>"
					},
					{
						"html": "<a href=\"https://support.google.com/websearch/?p=ws_results_help&amp;hl=en-SG&amp;fg=1\" role=\"menuitem\" tabindex=\"-1\">Search help</a>"
					},
					{
						"html": "<g-menu-item jsname=\"NNJLud\" jscontroller=\"CnSW2d\" class=\"EpPYLd GZnQqe\" role=\"none\" data-short-label=\"\" jsdata=\"zPXzie;_;CKZ/6s\">"
					},
					{
						"html": "<div jsname=\"ibnC6b\" class=\"YpcDnf OSrXXb HG1dvd\" role=\"none\"><span data-bucket=\"websearch\" role=\"menuitem\" tabindex=\"-1\" jsaction=\"trigger.YcfJ\">Send feedback</span></div>"
					},
					{
						"html": "<span data-bucket=\"websearch\" role=\"menuitem\" tabindex=\"-1\" jsaction=\"trigger.YcfJ\">Send feedback</span>"
					},
					{
						"html": "<g-menu-item jsname=\"NNJLud\" jscontroller=\"CnSW2d\" class=\"EpPYLd GZnQqe LGiluc\" aria-hidden=\"true\" role=\"separator\" data-short-label=\"\" jsdata=\"zPXzie;_;CKZ/6w\"></g-menu-item>"
					},
					{
						"html": "<g-menu-item jsname=\"NNJLud\" jscontroller=\"CnSW2d\" class=\"EpPYLd GZnQqe\" role=\"none\" data-short-label=\"\" jsdata=\"zPXzie;_;CKZ/6s\">"
					},
					{
						"html": "<div jsname=\"ibnC6b\" class=\"YpcDnf OSrXXb HG1dvd\" role=\"none\">"
					},
					{
						"html": "<div class=\"y0fQ9c\" data-spl=\"/setprefs?hl=en&amp;prev=https://www.google.com/?pccc%3D1&amp;sig=0_Y2G0fTq2a8kOKpytx2EUmFOTSdg%3D&amp;cs=2\" id=\"YUIDDb\" role=\"menuitem\" tabindex=\"-1\">"
					},
					{
						"html": "<div jscontroller=\"fXO0xe\" class=\"tFYjZe\" data-bsdm=\"0\" data-btf=\"0\" data-hbc=\"#1a73e8\" data-htc=\"#fff\" data-spt=\"1\" data-tsdm=\"0\" role=\"link\" tabindex=\"0\" jsaction=\"ok5gFc;x6BCfb:ggFCce;w3Ukrf:aelxJb\" data-ved=\"0ahUKEwiRoMaC1OD_AhWLbmwGHRAYAasQqsEHCBw\">"
					}
				]
			},
			"aria-command-name": {
				"description": "ARIA commands must have an accessible name",
				"helpUrl": "https://dequeuniversity.com/rules/axe/4.6/aria-command-name?application=purple-hats",
				"conformance": [
					"wcag2a",
					"wcag412"
				],
				"totalItems": 3,
				"items": [
					{
						"html": "<div jscontroller=\"unV4T\" jsname=\"F7uqIe\" class=\"XDyW0e\" aria-label=\"Search by voice\" role=\"button\" tabindex=\"0\" jsaction=\"h5M12e;rcuQ6b:npT2md\" data-ved=\"0ahUKEwiRoMaC1OD_AhWLbmwGHRAYAasQvs8DCAg\">"
					},
					{
						"html": "<div jscontroller=\"lpsUAf\" jsname=\"R5mgy\" class=\"nDcEnd\" data-base-lens-url=\"https://lens.google.com\" data-checkerboard-transparent-images-background-enabled=\"false\" data-convert-transparent-images=\"true\" data-dialog-open-contained-to-img-enabled=\"true\" data-downscaling-enabled=\"true\" data-downscaling-max-longest-edge-pixels=\"1000\" data-encoding-compression-ratio=\"0.4\" data-file-format-conversion-enabled=\"true\" data-image-processor-enabled=\"true\" data-is-images-mode=\"false\" data-is-send-dimensions-in-body-enabled=\"false\" data-preferred-mime-type=\"image/jpeg\" data-propagated-experiment-ids=\"72276982,72289742,\" data-transparent-image-background-color=\"#fff\" data-transparent-image-checkerboard-color=\"#fff\" data-upload-path=\"/v3/upload?ssb=1&amp;cpe=1&amp;ifg204=1&amp;\" aria-label=\"Search by image\" role=\"button\" tabindex=\"0\" jsaction=\"rcuQ6b:npT2md;h5M12e\" data-ved=\"0ahUKEwiRoMaC1OD_AhWLbmwGHRAYAasQhqEICAk\">"
					},
					{
						"html": "<div jsname=\"oYxtQd\" class=\"CcNe6e\" aria-expanded=\"false\" aria-haspopup=\"true\" role=\"button\" tabindex=\"0\" jsaction=\"WFrRFb;keydown:uYT2Vb\"><div jsname=\"LgbsSe\" class=\"ayzqOc pHiOh\" aria-controls=\"_5l6ZZJGVIovdseMPkLCE2Ao_1\" aria-haspopup=\"true\">Settings</div></div>"
					}
				]
			},
			"aria-hidden-body": {
				"description": "aria-hidden='true' must not be present on the document body",
				"helpUrl": "https://dequeuniversity.com/rules/axe/4.6/aria-hidden-body?application=purple-hats",
				"conformance": [
					"wcag2a",
					"wcag412"
				],
				"totalItems": 1,
				"items": [
					{
						"html": "<body jsmodel=\"hspDDf\" jsaction=\"xjhTIf:.CLIENT;O2vyse:.CLIENT;IVKTfe:.CLIENT;Ez7VMc:.CLIENT;YUC7He:.CLIENT;hWT9Jb:.CLIENT;WCulWe:.CLIENT;VM8bg:.CLIENT;qqf0n:.CLIENT;A8708b:.CLIENT;YcfJ:.CLIENT;szjOR:.CLIENT;JL9QDc:.CLIENT;kWlxhc:.CLIENT;qGMTIf:.CLIENT\">"
					}
				]
			},
			"aria-hidden-focus": {
				"description": "ARIA hidden element must not be focusable or contain focusable elements",
				"helpUrl": "https://dequeuniversity.com/rules/axe/4.6/aria-hidden-focus?application=purple-hats",
				"conformance": [
					"wcag2a",
					"wcag412"
				],
				"totalItems": 2,
				"items": [
					{
						"html": "<hr class=\"Bi9oQd\" aria-hidden=\"true\">"
					},
					{
						"html": "<g-menu-item jsname=\"NNJLud\" jscontroller=\"CnSW2d\" class=\"EpPYLd GZnQqe LGiluc\" aria-hidden=\"true\" role=\"separator\" data-short-label=\"\" jsdata=\"zPXzie;_;CKZ/6w\"></g-menu-item>"
					}
				]
			},
			"aria-required-attr": {
				"description": "Required ARIA attributes must be provided",
				"helpUrl": "https://dequeuniversity.com/rules/axe/4.6/aria-required-attr?application=purple-hats",
				"conformance": [
					"wcag2a",
					"wcag412"
				],
				"totalItems": 7,
				"items": [
					{
						"html": "<a class=\"gb_d\" aria-label=\"Google apps\" href=\"https://www.google.com.sg/intl/en/about/products\" aria-expanded=\"false\" role=\"button\" tabindex=\"0\">"
					},
					{
						"html": "<form action=\"/search\" autocomplete=\"off\" method=\"GET\" role=\"search\">"
					},
					{
						"html": "<textarea class=\"gLFyf\" jsaction=\"paste:puy29d;\" id=\"APjFqb\" maxlength=\"2048\" name=\"q\" rows=\"1\" aria-activedescendant=\"\" aria-autocomplete=\"both\" aria-controls=\"Alh6id\" aria-expanded=\"false\" aria-haspopup=\"both\" aria-owns=\"Alh6id\" autocapitalize=\"off\" autocomplete=\"off\" autocorrect=\"off\" autofocus=\"\" role=\"combobox\" spellcheck=\"false\" title=\"Search\" type=\"search\" value=\"\" aria-label=\"Search\" data-ved=\"0ahUKEwiRoMaC1OD_AhWLbmwGHRAYAasQ39UDCAY\">"
					},
					{
						"html": "<div jscontroller=\"unV4T\" jsname=\"F7uqIe\" class=\"XDyW0e\" aria-label=\"Search by voice\" role=\"button\" tabindex=\"0\" jsaction=\"h5M12e;rcuQ6b:npT2md\" data-ved=\"0ahUKEwiRoMaC1OD_AhWLbmwGHRAYAasQvs8DCAg\">"
					},
					{
						"html": "<div jscontroller=\"lpsUAf\" jsname=\"R5mgy\" class=\"nDcEnd\" data-base-lens-url=\"https://lens.google.com\" data-checkerboard-transparent-images-background-enabled=\"false\" data-convert-transparent-images=\"true\" data-dialog-open-contained-to-img-enabled=\"true\" data-downscaling-enabled=\"true\" data-downscaling-max-longest-edge-pixels=\"1000\" data-encoding-compression-ratio=\"0.4\" data-file-format-conversion-enabled=\"true\" data-image-processor-enabled=\"true\" data-is-images-mode=\"false\" data-is-send-dimensions-in-body-enabled=\"false\" data-preferred-mime-type=\"image/jpeg\" data-propagated-experiment-ids=\"72276982,72289742,\" data-transparent-image-background-color=\"#fff\" data-transparent-image-checkerboard-color=\"#fff\" data-upload-path=\"/v3/upload?ssb=1&amp;cpe=1&amp;ifg204=1&amp;\" aria-label=\"Search by image\" role=\"button\" tabindex=\"0\" jsaction=\"rcuQ6b:npT2md;h5M12e\" data-ved=\"0ahUKEwiRoMaC1OD_AhWLbmwGHRAYAasQhqEICAk\">"
					},
					{
						"html": "<input class=\"gNO89b\" value=\"Google Search\" aria-label=\"Google Search\" name=\"btnK\" role=\"button\" tabindex=\"0\" type=\"submit\" data-ved=\"0ahUKEwiRoMaC1OD_AhWLbmwGHRAYAasQ4dUDCBA\">"
					},
					{
						"html": "<div jsname=\"oYxtQd\" class=\"CcNe6e\" aria-expanded=\"false\" aria-haspopup=\"true\" role=\"button\" tabindex=\"0\" jsaction=\"WFrRFb;keydown:uYT2Vb\"><div jsname=\"LgbsSe\" class=\"ayzqOc pHiOh\" aria-controls=\"_5l6ZZJGVIovdseMPkLCE2Ao_1\" aria-haspopup=\"true\">Settings</div></div>"
					}
				]
			},
			"aria-roles": {
				"description": "ARIA roles used must conform to valid values",
				"helpUrl": "https://dequeuniversity.com/rules/axe/4.6/aria-roles?application=purple-hats",
				"conformance": [
					"wcag2a",
					"wcag412"
				],
				"totalItems": 7,
				"items": [
					{
						"html": "<a class=\"gb_d\" aria-label=\"Google apps\" href=\"https://www.google.com.sg/intl/en/about/products\" aria-expanded=\"false\" role=\"button\" tabindex=\"0\">"
					},
					{
						"html": "<form action=\"/search\" autocomplete=\"off\" method=\"GET\" role=\"search\">"
					},
					{
						"html": "<textarea class=\"gLFyf\" jsaction=\"paste:puy29d;\" id=\"APjFqb\" maxlength=\"2048\" name=\"q\" rows=\"1\" aria-activedescendant=\"\" aria-autocomplete=\"both\" aria-controls=\"Alh6id\" aria-expanded=\"false\" aria-haspopup=\"both\" aria-owns=\"Alh6id\" autocapitalize=\"off\" autocomplete=\"off\" autocorrect=\"off\" autofocus=\"\" role=\"combobox\" spellcheck=\"false\" title=\"Search\" type=\"search\" value=\"\" aria-label=\"Search\" data-ved=\"0ahUKEwiRoMaC1OD_AhWLbmwGHRAYAasQ39UDCAY\">"
					},
					{
						"html": "<div jscontroller=\"unV4T\" jsname=\"F7uqIe\" class=\"XDyW0e\" aria-label=\"Search by voice\" role=\"button\" tabindex=\"0\" jsaction=\"h5M12e;rcuQ6b:npT2md\" data-ved=\"0ahUKEwiRoMaC1OD_AhWLbmwGHRAYAasQvs8DCAg\">"
					},
					{
						"html": "<div jscontroller=\"lpsUAf\" jsname=\"R5mgy\" class=\"nDcEnd\" data-base-lens-url=\"https://lens.google.com\" data-checkerboard-transparent-images-background-enabled=\"false\" data-convert-transparent-images=\"true\" data-dialog-open-contained-to-img-enabled=\"true\" data-downscaling-enabled=\"true\" data-downscaling-max-longest-edge-pixels=\"1000\" data-encoding-compression-ratio=\"0.4\" data-file-format-conversion-enabled=\"true\" data-image-processor-enabled=\"true\" data-is-images-mode=\"false\" data-is-send-dimensions-in-body-enabled=\"false\" data-preferred-mime-type=\"image/jpeg\" data-propagated-experiment-ids=\"72276982,72289742,\" data-transparent-image-background-color=\"#fff\" data-transparent-image-checkerboard-color=\"#fff\" data-upload-path=\"/v3/upload?ssb=1&amp;cpe=1&amp;ifg204=1&amp;\" aria-label=\"Search by image\" role=\"button\" tabindex=\"0\" jsaction=\"rcuQ6b:npT2md;h5M12e\" data-ved=\"0ahUKEwiRoMaC1OD_AhWLbmwGHRAYAasQhqEICAk\">"
					},
					{
						"html": "<input class=\"gNO89b\" value=\"Google Search\" aria-label=\"Google Search\" name=\"btnK\" role=\"button\" tabindex=\"0\" type=\"submit\" data-ved=\"0ahUKEwiRoMaC1OD_AhWLbmwGHRAYAasQ4dUDCBA\">"
					},
					{
						"html": "<div jsname=\"oYxtQd\" class=\"CcNe6e\" aria-expanded=\"false\" aria-haspopup=\"true\" role=\"button\" tabindex=\"0\" jsaction=\"WFrRFb;keydown:uYT2Vb\"><div jsname=\"LgbsSe\" class=\"ayzqOc pHiOh\" aria-controls=\"_5l6ZZJGVIovdseMPkLCE2Ao_1\" aria-haspopup=\"true\">Settings</div></div>"
					}
				]
			},
			"aria-valid-attr-value": {
				"description": "ARIA attributes must conform to valid values",
				"helpUrl": "https://dequeuniversity.com/rules/axe/4.6/aria-valid-attr-value?application=purple-hats",
				"conformance": [
					"wcag2a",
					"wcag412"
				],
				"totalItems": 8,
				"items": [
					{
						"html": "<a class=\"gb_v\" aria-label=\"Gmail (opens a new tab)\" data-pid=\"23\" href=\"https://mail.google.com/mail/&amp;ogbl\" target=\"_top\">Gmail</a>"
					},
					{
						"html": "<a class=\"gb_v\" aria-label=\"Search for Images (opens a new tab)\" data-pid=\"2\" href=\"https://www.google.com/imghp?hl=en&amp;ogbl\" target=\"_top\">Images</a>"
					},
					{
						"html": "<a class=\"gb_d\" aria-label=\"Google apps\" href=\"https://www.google.com.sg/intl/en/about/products\" aria-expanded=\"false\" role=\"button\" tabindex=\"0\">"
					},
					{
						"html": "<div jscontroller=\"unV4T\" jsname=\"F7uqIe\" class=\"XDyW0e\" aria-label=\"Search by voice\" role=\"button\" tabindex=\"0\" jsaction=\"h5M12e;rcuQ6b:npT2md\" data-ved=\"0ahUKEwiRoMaC1OD_AhWLbmwGHRAYAasQvs8DCAg\">"
					},
					{
						"html": "<div jscontroller=\"lpsUAf\" jsname=\"R5mgy\" class=\"nDcEnd\" data-base-lens-url=\"https://lens.google.com\" data-checkerboard-transparent-images-background-enabled=\"false\" data-convert-transparent-images=\"true\" data-dialog-open-contained-to-img-enabled=\"true\" data-downscaling-enabled=\"true\" data-downscaling-max-longest-edge-pixels=\"1000\" data-encoding-compression-ratio=\"0.4\" data-file-format-conversion-enabled=\"true\" data-image-processor-enabled=\"true\" data-is-images-mode=\"false\" data-is-send-dimensions-in-body-enabled=\"false\" data-preferred-mime-type=\"image/jpeg\" data-propagated-experiment-ids=\"72276982,72289742,\" data-transparent-image-background-color=\"#fff\" data-transparent-image-checkerboard-color=\"#fff\" data-upload-path=\"/v3/upload?ssb=1&amp;cpe=1&amp;ifg204=1&amp;\" aria-label=\"Search by image\" role=\"button\" tabindex=\"0\" jsaction=\"rcuQ6b:npT2md;h5M12e\" data-ved=\"0ahUKEwiRoMaC1OD_AhWLbmwGHRAYAasQhqEICAk\">"
					},
					{
						"html": "<input class=\"gNO89b\" value=\"Google Search\" aria-label=\"Google Search\" name=\"btnK\" role=\"button\" tabindex=\"0\" type=\"submit\" data-ved=\"0ahUKEwiRoMaC1OD_AhWLbmwGHRAYAasQ4dUDCBA\">"
					},
					{
						"html": "<input class=\"RNmpXc\" value=\"I'm Feeling Lucky\" aria-label=\"I'm Feeling Lucky\" name=\"btnI\" type=\"submit\" jsaction=\"trigger.kWlxhc\" data-ved=\"0ahUKEwiRoMaC1OD_AhWLbmwGHRAYAasQ19QECBE\">"
					},
					{
						"html": "<div jsname=\"oYxtQd\" class=\"CcNe6e\" aria-expanded=\"false\" aria-haspopup=\"true\" role=\"button\" tabindex=\"0\" jsaction=\"WFrRFb;keydown:uYT2Vb\"><div jsname=\"LgbsSe\" class=\"ayzqOc pHiOh\" aria-controls=\"_5l6ZZJGVIovdseMPkLCE2Ao_1\" aria-haspopup=\"true\">Settings</div></div>"
					}
				]
			},
			"aria-valid-attr": {
				"description": "ARIA attributes must conform to valid names",
				"helpUrl": "https://dequeuniversity.com/rules/axe/4.6/aria-valid-attr?application=purple-hats",
				"conformance": [
					"wcag2a",
					"wcag412"
				],
				"totalItems": 10,
				"items": [
					{
						"html": "<a class=\"gb_v\" aria-label=\"Gmail (opens a new tab)\" data-pid=\"23\" href=\"https://mail.google.com/mail/&amp;ogbl\" target=\"_top\">Gmail</a>"
					},
					{
						"html": "<a class=\"gb_v\" aria-label=\"Search for Images (opens a new tab)\" data-pid=\"2\" href=\"https://www.google.com/imghp?hl=en&amp;ogbl\" target=\"_top\">Images</a>"
					},
					{
						"html": "<a class=\"gb_d\" aria-label=\"Google apps\" href=\"https://www.google.com.sg/intl/en/about/products\" aria-expanded=\"false\" role=\"button\" tabindex=\"0\">"
					},
					{
						"html": "<textarea class=\"gLFyf\" jsaction=\"paste:puy29d;\" id=\"APjFqb\" maxlength=\"2048\" name=\"q\" rows=\"1\" aria-activedescendant=\"\" aria-autocomplete=\"both\" aria-controls=\"Alh6id\" aria-expanded=\"false\" aria-haspopup=\"both\" aria-owns=\"Alh6id\" autocapitalize=\"off\" autocomplete=\"off\" autocorrect=\"off\" autofocus=\"\" role=\"combobox\" spellcheck=\"false\" title=\"Search\" type=\"search\" value=\"\" aria-label=\"Search\" data-ved=\"0ahUKEwiRoMaC1OD_AhWLbmwGHRAYAasQ39UDCAY\">"
					},
					{
						"html": "<div jscontroller=\"unV4T\" jsname=\"F7uqIe\" class=\"XDyW0e\" aria-label=\"Search by voice\" role=\"button\" tabindex=\"0\" jsaction=\"h5M12e;rcuQ6b:npT2md\" data-ved=\"0ahUKEwiRoMaC1OD_AhWLbmwGHRAYAasQvs8DCAg\">"
					},
					{
						"html": "<div jscontroller=\"lpsUAf\" jsname=\"R5mgy\" class=\"nDcEnd\" data-base-lens-url=\"https://lens.google.com\" data-checkerboard-transparent-images-background-enabled=\"false\" data-convert-transparent-images=\"true\" data-dialog-open-contained-to-img-enabled=\"true\" data-downscaling-enabled=\"true\" data-downscaling-max-longest-edge-pixels=\"1000\" data-encoding-compression-ratio=\"0.4\" data-file-format-conversion-enabled=\"true\" data-image-processor-enabled=\"true\" data-is-images-mode=\"false\" data-is-send-dimensions-in-body-enabled=\"false\" data-preferred-mime-type=\"image/jpeg\" data-propagated-experiment-ids=\"72276982,72289742,\" data-transparent-image-background-color=\"#fff\" data-transparent-image-checkerboard-color=\"#fff\" data-upload-path=\"/v3/upload?ssb=1&amp;cpe=1&amp;ifg204=1&amp;\" aria-label=\"Search by image\" role=\"button\" tabindex=\"0\" jsaction=\"rcuQ6b:npT2md;h5M12e\" data-ved=\"0ahUKEwiRoMaC1OD_AhWLbmwGHRAYAasQhqEICAk\">"
					},
					{
						"html": "<input class=\"gNO89b\" value=\"Google Search\" aria-label=\"Google Search\" name=\"btnK\" role=\"button\" tabindex=\"0\" type=\"submit\" data-ved=\"0ahUKEwiRoMaC1OD_AhWLbmwGHRAYAasQ4dUDCBA\">"
					},
					{
						"html": "<input class=\"RNmpXc\" value=\"I'm Feeling Lucky\" aria-label=\"I'm Feeling Lucky\" name=\"btnI\" type=\"submit\" jsaction=\"trigger.kWlxhc\" data-ved=\"0ahUKEwiRoMaC1OD_AhWLbmwGHRAYAasQ19QECBE\">"
					},
					{
						"html": "<div jsname=\"oYxtQd\" class=\"CcNe6e\" aria-expanded=\"false\" aria-haspopup=\"true\" role=\"button\" tabindex=\"0\" jsaction=\"WFrRFb;keydown:uYT2Vb\"><div jsname=\"LgbsSe\" class=\"ayzqOc pHiOh\" aria-controls=\"_5l6ZZJGVIovdseMPkLCE2Ao_1\" aria-haspopup=\"true\">Settings</div></div>"
					},
					{
						"html": "<div jsname=\"LgbsSe\" class=\"ayzqOc pHiOh\" aria-controls=\"_5l6ZZJGVIovdseMPkLCE2Ao_1\" aria-haspopup=\"true\">Settings</div>"
					}
				]
			},
			"autocomplete-valid": {
				"description": "autocomplete attribute must be used correctly",
				"helpUrl": "https://dequeuniversity.com/rules/axe/4.6/autocomplete-valid?application=purple-hats",
				"conformance": [
					"wcag21aa",
					"wcag135"
				],
				"totalItems": 1,
				"items": [
					{
						"html": "<textarea class=\"gLFyf\" jsaction=\"paste:puy29d;\" id=\"APjFqb\" maxlength=\"2048\" name=\"q\" rows=\"1\" aria-activedescendant=\"\" aria-autocomplete=\"both\" aria-controls=\"Alh6id\" aria-expanded=\"false\" aria-haspopup=\"both\" aria-owns=\"Alh6id\" autocapitalize=\"off\" autocomplete=\"off\" autocorrect=\"off\" autofocus=\"\" role=\"combobox\" spellcheck=\"false\" title=\"Search\" type=\"search\" value=\"\" aria-label=\"Search\" data-ved=\"0ahUKEwiRoMaC1OD_AhWLbmwGHRAYAasQ39UDCAY\">"
					}
				]
			},
			"avoid-inline-spacing": {
				"description": "Inline text spacing must be adjustable with custom stylesheets",
				"helpUrl": "https://dequeuniversity.com/rules/axe/4.6/avoid-inline-spacing?application=purple-hats",
				"conformance": [
					"wcag21aa",
					"wcag1412"
				],
				"totalItems": 2,
				"items": [
					{
						"html": "<span class=\"QCzoEc z1asCe MZy1Rb\" style=\"height:20px;line-height:20px;width:20px\">"
					},
					{
						"html": "<div style=\"background:url(/images/searchbox/desktop_searchbox_sprites318_hr.webp)\"> </div>"
					}
				]
			},
			"color-contrast": {
				"description": "Elements must have sufficient color contrast",
				"helpUrl": "https://dequeuniversity.com/rules/axe/4.6/color-contrast?application=purple-hats",
				"conformance": [
					"wcag2aa",
					"wcag143"
				],
				"totalItems": 15,
				"items": [
					{
						"html": "<a class=\"MV3Tnb\" href=\"https://about.google/?fg=1&amp;utm_source=google-SG&amp;utm_medium=referral&amp;utm_campaign=hp-header\" ping=\"/url?sa=t&amp;rct=j&amp;source=webhp&amp;url=https://about.google/%3Ffg%3D1%26utm_source%3Dgoogle-SG%26utm_medium%3Dreferral%26utm_campaign%3Dhp-header&amp;ved=0ahUKEwiRoMaC1OD_AhWLbmwGHRAYAasQkNQCCAI\">"
					},
					{
						"html": "<a class=\"MV3Tnb\" href=\"https://store.google.com/SG?utm_source=hp_header&amp;utm_medium=google_ooo&amp;utm_campaign=GS100042&amp;hl=en-SG\" ping=\"/url?sa=t&amp;rct=j&amp;source=webhp&amp;url=https://store.google.com/SG%3Futm_source%3Dhp_header%26utm_medium%3Dgoogle_ooo%26utm_campaign%3DGS100042%26hl%3Den-SG&amp;ved=0ahUKEwiRoMaC1OD_AhWLbmwGHRAYAasQpMwCCAM\">"
					},
					{
						"html": "<a class=\"gb_v\" aria-label=\"Gmail (opens a new tab)\" data-pid=\"23\" href=\"https://mail.google.com/mail/&amp;ogbl\" target=\"_top\">Gmail</a>"
					},
					{
						"html": "<a class=\"gb_v\" aria-label=\"Search for Images (opens a new tab)\" data-pid=\"2\" href=\"https://www.google.com/imghp?hl=en&amp;ogbl\" target=\"_top\">Images</a>"
					},
					{
						"html": "<span class=\"gb_Md\">Sign in</span>"
					},
					{
						"html": "<textarea class=\"gLFyf\" jsaction=\"paste:puy29d;\" id=\"APjFqb\" maxlength=\"2048\" name=\"q\" rows=\"1\" aria-activedescendant=\"\" aria-autocomplete=\"both\" aria-controls=\"Alh6id\" aria-expanded=\"false\" aria-haspopup=\"both\" aria-owns=\"Alh6id\" autocapitalize=\"off\" autocomplete=\"off\" autocorrect=\"off\" autofocus=\"\" role=\"combobox\" spellcheck=\"false\" title=\"Search\" type=\"search\" value=\"\" aria-label=\"Search\" data-ved=\"0ahUKEwiRoMaC1OD_AhWLbmwGHRAYAasQ39UDCAY\">"
					},
					{
						"html": "<input class=\"gNO89b\" value=\"Google Search\" aria-label=\"Google Search\" name=\"btnK\" role=\"button\" tabindex=\"0\" type=\"submit\" data-ved=\"0ahUKEwiRoMaC1OD_AhWLbmwGHRAYAasQ4dUDCAs\">"
					},
					{
						"html": "<input class=\"RNmpXc\" value=\"I'm Feeling Lucky\" aria-label=\"I'm Feeling Lucky\" name=\"btnI\" type=\"submit\" jsaction=\"trigger.kWlxhc\" data-ved=\"0ahUKEwiRoMaC1OD_AhWLbmwGHRAYAasQ19QECAw\">"
					},
					{
						"html": "<input class=\"gNO89b\" value=\"Google Search\" aria-label=\"Google Search\" name=\"btnK\" role=\"button\" tabindex=\"0\" type=\"submit\" data-ved=\"0ahUKEwiRoMaC1OD_AhWLbmwGHRAYAasQ4dUDCBA\">"
					},
					{
						"html": "<input class=\"RNmpXc\" value=\"I'm Feeling Lucky\" aria-label=\"I'm Feeling Lucky\" name=\"btnI\" type=\"submit\" jsaction=\"trigger.kWlxhc\" data-ved=\"0ahUKEwiRoMaC1OD_AhWLbmwGHRAYAasQ19QECBE\">"
					},
					{
						"html": "<div id=\"SIvCob\">"
					},
					{
						"html": "<a href=\"https://www.google.com/setprefs?sig=0_Y2G0fTq2a8kOKpytx2EUmFOTSdg%3D&amp;hl=zh-CN&amp;source=homepage&amp;sa=X&amp;ved=0ahUKEwiRoMaC1OD_AhWLbmwGHRAYAasQ2ZgBCBM\">中文(简体)</a>"
					},
					{
						"html": "<a href=\"https://www.google.com/setprefs?sig=0_Y2G0fTq2a8kOKpytx2EUmFOTSdg%3D&amp;hl=ms&amp;source=homepage&amp;sa=X&amp;ved=0ahUKEwiRoMaC1OD_AhWLbmwGHRAYAasQ2ZgBCBQ\">Bahasa Melayu</a>"
					},
					{
						"html": "<a href=\"https://www.google.com/setprefs?sig=0_Y2G0fTq2a8kOKpytx2EUmFOTSdg%3D&amp;hl=ta&amp;source=homepage&amp;sa=X&amp;ved=0ahUKEwiRoMaC1OD_AhWLbmwGHRAYAasQ2ZgBCBU\">தமிழ்</a>"
					},
					{
						"html": "<textarea class=\"csi\" name=\"csi\" style=\"display:none\"></textarea>"
					}
				]
			},
			"document-title": {
				"description": "Documents must have <title> element to aid in navigation",
				"helpUrl": "https://dequeuniversity.com/rules/axe/4.6/document-title?application=purple-hats",
				"conformance": [
					"wcag2a",
					"wcag242"
				],
				"totalItems": 1,
				"items": [
					{
						"html": "<html itemscope=\"\" itemtype=\"http://schema.org/WebPage\" lang=\"en-SG\">"
					}
				]
			},
			"duplicate-id-active": {
				"description": "IDs of active elements must be unique",
				"helpUrl": "https://dequeuniversity.com/rules/axe/4.6/duplicate-id-active?application=purple-hats",
				"conformance": [
					"wcag2a",
					"wcag411"
				],
				"totalItems": 1,
				"items": [
					{
						"html": "<textarea class=\"gLFyf\" jsaction=\"paste:puy29d;\" id=\"APjFqb\" maxlength=\"2048\" name=\"q\" rows=\"1\" aria-activedescendant=\"\" aria-autocomplete=\"both\" aria-controls=\"Alh6id\" aria-expanded=\"false\" aria-haspopup=\"both\" aria-owns=\"Alh6id\" autocapitalize=\"off\" autocomplete=\"off\" autocorrect=\"off\" autofocus=\"\" role=\"combobox\" spellcheck=\"false\" title=\"Search\" type=\"search\" value=\"\" aria-label=\"Search\" data-ved=\"0ahUKEwiRoMaC1OD_AhWLbmwGHRAYAasQ39UDCAY\">"
					}
				]
			},
			"duplicate-id-aria": {
				"description": "IDs used in ARIA and labels must be unique",
				"helpUrl": "https://dequeuniversity.com/rules/axe/4.6/duplicate-id-aria?application=purple-hats",
				"conformance": [
					"wcag2a",
					"wcag411"
				],
				"totalItems": 1,
				"items": [
					{
						"html": "<div class=\"mkHrUc\" id=\"Alh6id\" role=\"presentation\"><div class=\"erkvQe\" jsname=\"erkvQe\"></div><div class=\"rLrQHf\" jsname=\"tovEib\" role=\"presentation\"></div></div>"
					}
				]
			},
			"duplicate-id": {
				"description": "id attribute value must be unique",
				"helpUrl": "https://dequeuniversity.com/rules/axe/4.6/duplicate-id?application=purple-hats",
				"conformance": [
					"wcag2a",
					"wcag411"
				],
				"totalItems": 22,
				"items": [
					{
						"html": "<div class=\"gb_Pa gb_f gb_gb gb_Ja gb_3c\" id=\"gb\">"
					},
					{
						"html": "<div class=\"gb_S gb_Rd gb_x gb_Ud\" data-ogsr-fb=\"true\" data-ogsr-alt=\"\" id=\"gbwa\">"
					},
					{
						"html": "<dialog class=\"spch-dlg\" id=\"spch-dlg\">"
					},
					{
						"html": "<div class=\"spch\" style=\"display:none\" id=\"spch\">"
					},
					{
						"html": "<button class=\"close-button\" id=\"spchx\" aria-label=\"close\">×</button>"
					},
					{
						"html": "<div class=\"spchc\" id=\"spchc\">"
					},
					{
						"html": "<span class=\"r8s4j\" id=\"spchl\"></span>"
					},
					{
						"html": "<span class=\"LgbsSe\" id=\"spchb\">"
					},
					{
						"html": "<span class=\"spcht\" style=\"color:#70757a\" id=\"spchi\"></span>"
					},
					{
						"html": "<span class=\"spcht\" style=\"color:#000\" id=\"spchf\"></span>"
					},
					{
						"html": "<div jsname=\"E80e9e\" class=\"OBMEnb\" id=\"shJ2Vb\" role=\"presentation\"><ul jsname=\"bw4e9b\" class=\"G43f7e\" role=\"listbox\"></ul></div>"
					},
					{
						"html": "<div class=\"ynRric\" id=\"ynRric\" role=\"presentation\"></div>"
					},
					{
						"html": "<li data-view-type=\"1\" class=\"sbct\" id=\"YMXe\" role=\"presentation\">"
					},
					{
						"html": "<li data-view-type=\"8\" class=\"sbct\" id=\"mitGyb\" role=\"presentation\">"
					},
					{
						"html": "<div id=\"duf3-46\" data-jiis=\"up\" data-async-type=\"duffy3\" data-async-context-required=\"type,open,feature_id,async_id,entry_point,authority,card_id,ftoe,title,header,suggestions,surface,suggestions_types,suggestions_subtypes,preselect_answer_index,is_jobs_spam_form\" class=\"yp\" data-ved=\"0ahUKEwiRoMaC1OD_AhWLbmwGHRAYAasQ-0EIDQ\">"
					},
					{
						"html": "<a class=\"oBa0Fe aciXEb\" href=\"#\" id=\"sbfblt\" data-async-trigger=\"duf3-46\" aria-label=\"Give feedback on this result\" role=\"button\" jsaction=\"trigger.szjOR\" data-ved=\"0ahUKEwiRoMaC1OD_AhWLbmwGHRAYAasQtw8IDg\">Report inappropriate predictions</a>"
					},
					{
						"html": "<div id=\"tophf\"><input name=\"source\" type=\"hidden\" value=\"hp\"><input value=\"5l6ZZJGVIovdseMPkLCE2Ao\" name=\"ei\" type=\"hidden\"><input value=\"AOEireoAAAAAZJls9kJjfIUnlThzMtIOaHDcNsdweSTj\" name=\"iflsig\" type=\"hidden\"></div>"
					},
					{
						"html": "<div class=\"vcVZ7d\" id=\"gws-output-pages-elements-homepage_additional_languages__als\">"
					},
					{
						"html": "<div id=\"SIvCob\">"
					},
					{
						"html": "<div class=\"y0fQ9c\" data-spl=\"/setprefs?hl=en&amp;prev=https://www.google.com/?pccc%3D1&amp;sig=0_Y2G0fTq2a8kOKpytx2EUmFOTSdg%3D&amp;cs=2\" id=\"YUIDDb\" role=\"menuitem\" tabindex=\"-1\">"
					},
					{
						"html": "<div class=\"gTMtLb fp-nh\" id=\"lb\"><style>.gTMtLb{z-index:1001;position:absolute;top:-1000px}</style></div>"
					},
					{
						"html": "<div jscontroller=\"ms4mZb\" data-jiis=\"up\" data-async-type=\"hpba\" id=\"a3JU5b\" class=\"yf\" jsaction=\"rcuQ6b:npT2md\" data-ved=\"0ahUKEwiRoMaC1OD_AhWLbmwGHRAYAasQj-0KCB0\" eid=\"516ZZIHbHfiy4-EP2LKd0Ao\"></div>"
					}
				]
			},
			"form-field-multiple-labels": {
				"description": "Form field must not have multiple label elements",
				"helpUrl": "https://dequeuniversity.com/rules/axe/4.6/form-field-multiple-labels?application=purple-hats",
				"conformance": [
					"wcag2a",
					"wcag332"
				],
				"totalItems": 1,
				"items": [
					{
						"html": "<textarea class=\"gLFyf\" jsaction=\"paste:puy29d;\" id=\"APjFqb\" maxlength=\"2048\" name=\"q\" rows=\"1\" aria-activedescendant=\"\" aria-autocomplete=\"both\" aria-controls=\"Alh6id\" aria-expanded=\"false\" aria-haspopup=\"both\" aria-owns=\"Alh6id\" autocapitalize=\"off\" autocomplete=\"off\" autocorrect=\"off\" autofocus=\"\" role=\"combobox\" spellcheck=\"false\" title=\"Search\" type=\"search\" value=\"\" aria-label=\"Search\" data-ved=\"0ahUKEwiRoMaC1OD_AhWLbmwGHRAYAasQ39UDCAY\">"
					}
				]
			},
			"html-has-lang": {
				"description": "<html> element must have a lang attribute",
				"helpUrl": "https://dequeuniversity.com/rules/axe/4.6/html-has-lang?application=purple-hats",
				"conformance": [
					"wcag2a",
					"wcag311"
				],
				"totalItems": 1,
				"items": [
					{
						"html": "<html itemscope=\"\" itemtype=\"http://schema.org/WebPage\" lang=\"en-SG\">"
					}
				]
			},
			"html-lang-valid": {
				"description": "<html> element must have a valid value for the lang attribute",
				"helpUrl": "https://dequeuniversity.com/rules/axe/4.6/html-lang-valid?application=purple-hats",
				"conformance": [
					"wcag2a",
					"wcag311"
				],
				"totalItems": 1,
				"items": [
					{
						"html": "<html itemscope=\"\" itemtype=\"http://schema.org/WebPage\" lang=\"en-SG\">"
					}
				]
			},
			"image-alt": {
				"description": "Images must have alternate text",
				"helpUrl": "https://dequeuniversity.com/rules/axe/4.6/image-alt?application=purple-hats",
				"conformance": [
					"wcag2a",
					"wcag111"
				],
				"totalItems": 1,
				"items": [
					{
						"html": "<img class=\"lnXdpd\" alt=\"Google\" height=\"92\" src=\"/images/branding/googlelogo/2x/googlelogo_color_272x92dp.png\" srcset=\"/images/branding/googlelogo/1x/googlelogo_color_272x92dp.png 1x, /images/branding/googlelogo/2x/googlelogo_color_272x92dp.png 2x\" width=\"272\" data-iml=\"1687772902890\" data-atf=\"1\" data-frt=\"0\">"
					}
				]
			},
			"image-redundant-alt": {
				"description": "Alternative text of images should not be repeated as text",
				"helpUrl": "https://dequeuniversity.com/rules/axe/4.6/image-redundant-alt?application=purple-hats",
				"conformance": [
					"best-practice"
				],
				"totalItems": 1,
				"items": [
					{
						"html": "<img class=\"lnXdpd\" alt=\"Google\" height=\"92\" src=\"/images/branding/googlelogo/2x/googlelogo_color_272x92dp.png\" srcset=\"/images/branding/googlelogo/1x/googlelogo_color_272x92dp.png 1x, /images/branding/googlelogo/2x/googlelogo_color_272x92dp.png 2x\" width=\"272\" data-iml=\"1687772902890\" data-atf=\"1\" data-frt=\"0\">"
					}
				]
			},
			"input-button-name": {
				"description": "Input buttons must have discernible text",
				"helpUrl": "https://dequeuniversity.com/rules/axe/4.6/input-button-name?application=purple-hats",
				"conformance": [
					"wcag2a",
					"wcag412"
				],
				"totalItems": 2,
				"items": [
					{
						"html": "<input class=\"gNO89b\" value=\"Google Search\" aria-label=\"Google Search\" name=\"btnK\" role=\"button\" tabindex=\"0\" type=\"submit\" data-ved=\"0ahUKEwiRoMaC1OD_AhWLbmwGHRAYAasQ4dUDCBA\">"
					},
					{
						"html": "<input class=\"RNmpXc\" value=\"I'm Feeling Lucky\" aria-label=\"I'm Feeling Lucky\" name=\"btnI\" type=\"submit\" jsaction=\"trigger.kWlxhc\" data-ved=\"0ahUKEwiRoMaC1OD_AhWLbmwGHRAYAasQ19QECBE\">"
					}
				]
			},
			"label-title-only": {
				"description": "Form elements should have a visible label",
				"helpUrl": "https://dequeuniversity.com/rules/axe/4.6/label-title-only?application=purple-hats",
				"conformance": [
					"best-practice"
				],
				"totalItems": 1,
				"items": [
					{
						"html": "<textarea class=\"gLFyf\" jsaction=\"paste:puy29d;\" id=\"APjFqb\" maxlength=\"2048\" name=\"q\" rows=\"1\" aria-activedescendant=\"\" aria-autocomplete=\"both\" aria-controls=\"Alh6id\" aria-expanded=\"false\" aria-haspopup=\"both\" aria-owns=\"Alh6id\" autocapitalize=\"off\" autocomplete=\"off\" autocorrect=\"off\" autofocus=\"\" role=\"combobox\" spellcheck=\"false\" title=\"Search\" type=\"search\" value=\"\" aria-label=\"Search\" data-ved=\"0ahUKEwiRoMaC1OD_AhWLbmwGHRAYAasQ39UDCAY\">"
					}
				]
			},
			"label": {
				"description": "Form elements must have labels",
				"helpUrl": "https://dequeuniversity.com/rules/axe/4.6/label?application=purple-hats",
				"conformance": [
					"wcag2a",
					"wcag412"
				],
				"totalItems": 1,
				"items": [
					{
						"html": "<textarea class=\"gLFyf\" jsaction=\"paste:puy29d;\" id=\"APjFqb\" maxlength=\"2048\" name=\"q\" rows=\"1\" aria-activedescendant=\"\" aria-autocomplete=\"both\" aria-controls=\"Alh6id\" aria-expanded=\"false\" aria-haspopup=\"both\" aria-owns=\"Alh6id\" autocapitalize=\"off\" autocomplete=\"off\" autocorrect=\"off\" autofocus=\"\" role=\"combobox\" spellcheck=\"false\" title=\"Search\" type=\"search\" value=\"\" aria-label=\"Search\" data-ved=\"0ahUKEwiRoMaC1OD_AhWLbmwGHRAYAasQ39UDCAY\">"
					}
				]
			},
			"link-name": {
				"description": "Links must have discernible text",
				"helpUrl": "https://dequeuniversity.com/rules/axe/4.6/link-name?application=purple-hats",
				"conformance": [
					"wcag2a",
					"wcag412",
					"wcag244"
				],
				"totalItems": 14,
				"items": [
					{
						"html": "<a class=\"MV3Tnb\" href=\"https://about.google/?fg=1&amp;utm_source=google-SG&amp;utm_medium=referral&amp;utm_campaign=hp-header\" ping=\"/url?sa=t&amp;rct=j&amp;source=webhp&amp;url=https://about.google/%3Ffg%3D1%26utm_source%3Dgoogle-SG%26utm_medium%3Dreferral%26utm_campaign%3Dhp-header&amp;ved=0ahUKEwiRoMaC1OD_AhWLbmwGHRAYAasQkNQCCAI\">"
					},
					{
						"html": "<a class=\"MV3Tnb\" href=\"https://store.google.com/SG?utm_source=hp_header&amp;utm_medium=google_ooo&amp;utm_campaign=GS100042&amp;hl=en-SG\" ping=\"/url?sa=t&amp;rct=j&amp;source=webhp&amp;url=https://store.google.com/SG%3Futm_source%3Dhp_header%26utm_medium%3Dgoogle_ooo%26utm_campaign%3DGS100042%26hl%3Den-SG&amp;ved=0ahUKEwiRoMaC1OD_AhWLbmwGHRAYAasQpMwCCAM\">"
					},
					{
						"html": "<a class=\"gb_v\" aria-label=\"Gmail (opens a new tab)\" data-pid=\"23\" href=\"https://mail.google.com/mail/&amp;ogbl\" target=\"_top\">Gmail</a>"
					},
					{
						"html": "<a class=\"gb_v\" aria-label=\"Search for Images (opens a new tab)\" data-pid=\"2\" href=\"https://www.google.com/imghp?hl=en&amp;ogbl\" target=\"_top\">Images</a>"
					},
					{
						"html": "<a class=\"gb_d\" aria-label=\"Google apps\" href=\"https://www.google.com.sg/intl/en/about/products\" aria-expanded=\"false\" role=\"button\" tabindex=\"0\">"
					},
					{
						"html": "<a class=\"gb_oa gb_od gb_Pd gb_oe\" href=\"https://accounts.google.com/ServiceLogin?hl=en&amp;passive=true&amp;continue=https://www.google.com/&amp;ec=GAZAmgQ\" target=\"_top\"><span class=\"gb_Md\">Sign in</span></a>"
					},
					{
						"html": "<a href=\"https://www.google.com/setprefs?sig=0_Y2G0fTq2a8kOKpytx2EUmFOTSdg%3D&amp;hl=zh-CN&amp;source=homepage&amp;sa=X&amp;ved=0ahUKEwiRoMaC1OD_AhWLbmwGHRAYAasQ2ZgBCBM\">中文(简体)</a>"
					},
					{
						"html": "<a href=\"https://www.google.com/setprefs?sig=0_Y2G0fTq2a8kOKpytx2EUmFOTSdg%3D&amp;hl=ms&amp;source=homepage&amp;sa=X&amp;ved=0ahUKEwiRoMaC1OD_AhWLbmwGHRAYAasQ2ZgBCBQ\">Bahasa Melayu</a>"
					},
					{
						"html": "<a href=\"https://www.google.com/setprefs?sig=0_Y2G0fTq2a8kOKpytx2EUmFOTSdg%3D&amp;hl=ta&amp;source=homepage&amp;sa=X&amp;ved=0ahUKEwiRoMaC1OD_AhWLbmwGHRAYAasQ2ZgBCBU\">தமிழ்</a>"
					},
					{
						"html": "<a class=\"pHiOh\" href=\"https://www.google.com/intl/en_sg/ads/?subid=ww-ww-et-g-awa-a-g_hpafoot1_1!o2&amp;utm_source=google.com&amp;utm_medium=referral&amp;utm_campaign=google_hpafooter&amp;fg=1\" ping=\"/url?sa=t&amp;rct=j&amp;source=webhp&amp;url=https://www.google.com/intl/en_sg/ads/%3Fsubid%3Dww-ww-et-g-awa-a-g_hpafoot1_1!o2%26utm_source%3Dgoogle.com%26utm_medium%3Dreferral%26utm_campaign%3Dgoogle_hpafooter%26fg%3D1&amp;ved=0ahUKEwiRoMaC1OD_AhWLbmwGHRAYAasQkdQCCBY\">"
					},
					{
						"html": "<a class=\"pHiOh\" href=\"https://www.google.com/services/?subid=ww-ww-et-g-awa-a-g_hpbfoot1_1!o2&amp;utm_source=google.com&amp;utm_medium=referral&amp;utm_campaign=google_hpbfooter&amp;fg=1\" ping=\"/url?sa=t&amp;rct=j&amp;source=webhp&amp;url=https://www.google.com/services/%3Fsubid%3Dww-ww-et-g-awa-a-g_hpbfoot1_1!o2%26utm_source%3Dgoogle.com%26utm_medium%3Dreferral%26utm_campaign%3Dgoogle_hpbfooter%26fg%3D1&amp;ved=0ahUKEwiRoMaC1OD_AhWLbmwGHRAYAasQktQCCBc\">"
					},
					{
						"html": "<a class=\"pHiOh\" href=\"https://google.com/search/howsearchworks/?fg=1\"> How Search works </a>"
					},
					{
						"html": "<a class=\"pHiOh\" href=\"https://policies.google.com/privacy?hl=en-SG&amp;fg=1\" ping=\"/url?sa=t&amp;rct=j&amp;source=webhp&amp;url=https://policies.google.com/privacy%3Fhl%3Den-SG%26fg%3D1&amp;ved=0ahUKEwiRoMaC1OD_AhWLbmwGHRAYAasQ8awCCBg\">Privacy</a>"
					},
					{
						"html": "<a class=\"pHiOh\" href=\"https://policies.google.com/terms?hl=en-SG&amp;fg=1\" ping=\"/url?sa=t&amp;rct=j&amp;source=webhp&amp;url=https://policies.google.com/terms%3Fhl%3Den-SG%26fg%3D1&amp;ved=0ahUKEwiRoMaC1OD_AhWLbmwGHRAYAasQ8qwCCBk\">Terms</a>"
					}
				]
			},
			"nested-interactive": {
				"description": "Interactive controls must not be nested",
				"helpUrl": "https://dequeuniversity.com/rules/axe/4.6/nested-interactive?application=purple-hats",
				"conformance": [
					"wcag2a",
					"wcag412"
				],
				"totalItems": 7,
				"items": [
					{
						"html": "<a class=\"gb_d\" aria-label=\"Google apps\" href=\"https://www.google.com.sg/intl/en/about/products\" aria-expanded=\"false\" role=\"button\" tabindex=\"0\">"
					},
					{
						"html": "<img class=\"lnXdpd\" alt=\"Google\" height=\"92\" src=\"/images/branding/googlelogo/2x/googlelogo_color_272x92dp.png\" srcset=\"/images/branding/googlelogo/1x/googlelogo_color_272x92dp.png 1x, /images/branding/googlelogo/2x/googlelogo_color_272x92dp.png 2x\" width=\"272\" data-iml=\"1687772902890\" data-atf=\"1\" data-frt=\"0\">"
					},
					{
						"html": "<div jscontroller=\"unV4T\" jsname=\"F7uqIe\" class=\"XDyW0e\" aria-label=\"Search by voice\" role=\"button\" tabindex=\"0\" jsaction=\"h5M12e;rcuQ6b:npT2md\" data-ved=\"0ahUKEwiRoMaC1OD_AhWLbmwGHRAYAasQvs8DCAg\">"
					},
					{
						"html": "<div jscontroller=\"lpsUAf\" jsname=\"R5mgy\" class=\"nDcEnd\" data-base-lens-url=\"https://lens.google.com\" data-checkerboard-transparent-images-background-enabled=\"false\" data-convert-transparent-images=\"true\" data-dialog-open-contained-to-img-enabled=\"true\" data-downscaling-enabled=\"true\" data-downscaling-max-longest-edge-pixels=\"1000\" data-encoding-compression-ratio=\"0.4\" data-file-format-conversion-enabled=\"true\" data-image-processor-enabled=\"true\" data-is-images-mode=\"false\" data-is-send-dimensions-in-body-enabled=\"false\" data-preferred-mime-type=\"image/jpeg\" data-propagated-experiment-ids=\"72276982,72289742,\" data-transparent-image-background-color=\"#fff\" data-transparent-image-checkerboard-color=\"#fff\" data-upload-path=\"/v3/upload?ssb=1&amp;cpe=1&amp;ifg204=1&amp;\" aria-label=\"Search by image\" role=\"button\" tabindex=\"0\" jsaction=\"rcuQ6b:npT2md;h5M12e\" data-ved=\"0ahUKEwiRoMaC1OD_AhWLbmwGHRAYAasQhqEICAk\">"
					},
					{
						"html": "<input class=\"gNO89b\" value=\"Google Search\" aria-label=\"Google Search\" name=\"btnK\" role=\"button\" tabindex=\"0\" type=\"submit\" data-ved=\"0ahUKEwiRoMaC1OD_AhWLbmwGHRAYAasQ4dUDCBA\">"
					},
					{
						"html": "<input class=\"RNmpXc\" value=\"I'm Feeling Lucky\" aria-label=\"I'm Feeling Lucky\" name=\"btnI\" type=\"submit\" jsaction=\"trigger.kWlxhc\" data-ved=\"0ahUKEwiRoMaC1OD_AhWLbmwGHRAYAasQ19QECBE\">"
					},
					{
						"html": "<div jsname=\"oYxtQd\" class=\"CcNe6e\" aria-expanded=\"false\" aria-haspopup=\"true\" role=\"button\" tabindex=\"0\" jsaction=\"WFrRFb;keydown:uYT2Vb\"><div jsname=\"LgbsSe\" class=\"ayzqOc pHiOh\" aria-controls=\"_5l6ZZJGVIovdseMPkLCE2Ao_1\" aria-haspopup=\"true\">Settings</div></div>"
					}
				]
			},
			"region": {
				"description": "All page content should be contained by landmarks",
				"helpUrl": "https://dequeuniversity.com/rules/axe/4.6/region?application=purple-hats",
				"conformance": [
					"best-practice"
				],
				"totalItems": 79,
				"items": [
					{
						"html": "<div class=\"L3eUgb\" data-hveid=\"1\">"
					},
					{
						"html": "<div class=\"o3j99 n1xJcf Ne6nSd\">"
					},
					{
						"html": "<div class=\"LX3sZb\">"
					},
					{
						"html": "<div class=\"gb_Pa gb_f gb_gb gb_Ja gb_3c\" id=\"gb\">"
					},
					{
						"html": "<div class=\"gb_Dd gb_eb gb_sd\" data-ogsr-up=\"\">"
					},
					{
						"html": "<div class=\"gb_Kd gb_x gb_3f gb_Tf\" data-ogbl=\"\">"
					},
					{
						"html": "<div class=\"gb_w gb_x\"><a class=\"gb_v\" aria-label=\"Gmail (opens a new tab)\" data-pid=\"23\" href=\"https://mail.google.com/mail/&amp;ogbl\" target=\"_top\">Gmail</a></div>"
					},
					{
						"html": "<a class=\"gb_v\" aria-label=\"Gmail (opens a new tab)\" data-pid=\"23\" href=\"https://mail.google.com/mail/&amp;ogbl\" target=\"_top\">Gmail</a>"
					},
					{
						"html": "<div class=\"gb_w gb_x\"><a class=\"gb_v\" aria-label=\"Search for Images (opens a new tab)\" data-pid=\"2\" href=\"https://www.google.com/imghp?hl=en&amp;ogbl\" target=\"_top\">Images</a></div>"
					},
					{
						"html": "<a class=\"gb_v\" aria-label=\"Search for Images (opens a new tab)\" data-pid=\"2\" href=\"https://www.google.com/imghp?hl=en&amp;ogbl\" target=\"_top\">Images</a>"
					},
					{
						"html": "<div class=\"gb_Xd\">"
					},
					{
						"html": "<div class=\"gb_9c\">"
					},
					{
						"html": "<div class=\"gb_S gb_Rd gb_x gb_Ud\" data-ogsr-fb=\"true\" data-ogsr-alt=\"\" id=\"gbwa\">"
					},
					{
						"html": "<div class=\"gb_g\">"
					},
					{
						"html": "<a class=\"gb_d\" aria-label=\"Google apps\" href=\"https://www.google.com.sg/intl/en/about/products\" aria-expanded=\"false\" role=\"button\" tabindex=\"0\">"
					},
					{
						"html": "<svg class=\"gb_h\" focusable=\"false\" viewBox=\"0 0 24 24\">"
					},
					{
						"html": "<path d=\"M6,8c1.1,0 2,-0.9 2,-2s-0.9,-2 -2,-2 -2,0.9 -2,2 0.9,2 2,2zM12,20c1.1,0 2,-0.9 2,-2s-0.9,-2 -2,-2 -2,0.9 -2,2 0.9,2 2,2zM6,20c1.1,0 2,-0.9 2,-2s-0.9,-2 -2,-2 -2,0.9 -2,2 0.9,2 2,2zM6,14c1.1,0 2,-0.9 2,-2s-0.9,-2 -2,-2 -2,0.9 -2,2 0.9,2 2,2zM12,14c1.1,0 2,-0.9 2,-2s-0.9,-2 -2,-2 -2,0.9 -2,2 0.9,2 2,2zM16,6c0,1.1 0.9,2 2,2s2,-0.9 2,-2 -0.9,-2 -2,-2 -2,0.9 -2,2zM12,8c1.1,0 2,-0.9 2,-2s-0.9,-2 -2,-2 -2,0.9 -2,2 0.9,2 2,2zM18,14c1.1,0 2,-0.9 2,-2s-0.9,-2 -2,-2 -2,0.9 -2,2 0.9,2 2,2zM18,20c1.1,0 2,-0.9 2,-2s-0.9,-2 -2,-2 -2,0.9 -2,2 0.9,2 2,2z\">"
					},
					{
						"html": "<span class=\"gb_Md\">Sign in</span>"
					},
					{
						"html": "<div class=\"o3j99 LLD4me yr19Zb LS8OJ\">"
					},
					{
						"html": "<div class=\"k1zIA rSk4se\">"
					},
					{
						"html": "<div class=\"o3j99 ikrT4e om7nvf\">"
					},
					{
						"html": "<form action=\"/search\" autocomplete=\"off\" method=\"GET\" role=\"search\">"
					},
					{
						"html": "<div jsmodel=\"sj77Re P9Kqfe\" jsdata=\"MuIEvd;_;CKZ/6k\">"
					},
					{
						"html": "<div jscontroller=\"cnjECf\" jsmodel=\"VYkzu a4L2gc QwwFZb BFDhle gx0hCb TnHSdd icv1ie \" class=\"A8SBwf\" data-adhe=\"false\" data-alt=\"false\" data-hp=\"true\" data-mlcf=\"false\" data-mle=\"true\" data-mof=\"false\" jsdata=\"LVplcb;_;\" jsaction=\"lX6RWd:w3Wsmc;ocDSvd:duwfG;DR74Fd:KyvVPe;DkpM0b:d3sQLd;IQOavd:dFyQEf;XzZZPe:jI3wzf;Aghsf:AVsnlb;iHd9U:Q7Cnrc;f5hEHe:G0jgYd;vmxUb:j3bJnb;nTzfpf:YPRawb;R2c5O:LuRugf;qiCkJd:ANdidc;htNNz:SNIJTd;NOg9L:HLgh3;uGoIkd:epUokb;zLdLw:eaGBS;H9muVd:J4e6lb;djyPCf:nMeUJf;hBEIVb:nUZ9le;rcuQ6b:npT2md\">"
					},
					{
						"html": "<div class=\"RNNXgb\" jsname=\"RNNXgb\">"
					},
					{
						"html": "<div class=\"SDkEP\">"
					},
					{
						"html": "<div class=\"iblpc\" jsname=\"uFMOof\">"
					},
					{
						"html": "<div class=\"CcAdNb\">"
					},
					{
						"html": "<span class=\"QCzoEc z1asCe MZy1Rb\" style=\"height:20px;line-height:20px;width:20px\">"
					},
					{
						"html": "<svg focusable=\"false\" xmlns=\"http://www.w3.org/2000/svg\" viewBox=\"0 0 24 24\">"
					},
					{
						"html": "<path d=\"M15.5 14h-.79l-.28-.27A6.471 6.471 0 0 0 16 9.5 6.5 6.5 0 1 0 9.5 16c1.61 0 3.09-.59 4.23-1.57l.27.28v.79l5 4.99L20.49 19l-4.99-5zm-6 0C7.01 14 5 11.99 5 9.5S7.01 5 9.5 5 14 7.01 14 9.5 11.99 14 9.5 14z\"></path>"
					},
					{
						"html": "<div jscontroller=\"vZr2rb\" class=\"a4bIc\" data-hpmde=\"false\" data-mle=\"true\" data-mnr=\"10\" jsname=\"gLFyf\" jsaction=\"h5M12e;input:d3sQLd;blur:jI3wzf\">"
					},
					{
						"html": "<div class=\"YacQv\" jsname=\"vdLsw\"></div>"
					},
					{
						"html": "<textarea class=\"gLFyf\" jsaction=\"paste:puy29d;\" id=\"APjFqb\" maxlength=\"2048\" name=\"q\" rows=\"1\" aria-activedescendant=\"\" aria-autocomplete=\"both\" aria-controls=\"Alh6id\" aria-expanded=\"false\" aria-haspopup=\"both\" aria-owns=\"Alh6id\" autocapitalize=\"off\" autocomplete=\"off\" autocorrect=\"off\" autofocus=\"\" role=\"combobox\" spellcheck=\"false\" title=\"Search\" type=\"search\" value=\"\" aria-label=\"Search\" data-ved=\"0ahUKEwiRoMaC1OD_AhWLbmwGHRAYAasQ39UDCAY\">"
					},
					{
						"html": "<div class=\"dRYYxd\">"
					},
					{
						"html": "<div jscontroller=\"PymCCe\" jsname=\"RP0xob\" class=\"BKRPef\">"
					},
					{
						"html": "<div jscontroller=\"unV4T\" jsname=\"F7uqIe\" class=\"XDyW0e\" aria-label=\"Search by voice\" role=\"button\" tabindex=\"0\" jsaction=\"h5M12e;rcuQ6b:npT2md\" data-ved=\"0ahUKEwiRoMaC1OD_AhWLbmwGHRAYAasQvs8DCAg\">"
					},
					{
						"html": "<svg class=\"goxjub\" focusable=\"false\" viewBox=\"0 0 24 24\" xmlns=\"http://www.w3.org/2000/svg\">"
					},
					{
						"html": "<path fill=\"#4285f4\" d=\"m12 15c1.66 0 3-1.31 3-2.97v-7.02c0-1.66-1.34-3.01-3-3.01s-3 1.34-3 3.01v7.02c0 1.66 1.34 2.97 3 2.97z\"></path>"
					},
					{
						"html": "<path fill=\"#34a853\" d=\"m11 18.08h2v3.92h-2z\"></path>"
					},
					{
						"html": "<path fill=\"#fbbc05\" d=\"m7.05 16.87c-1.27-1.33-2.05-2.83-2.05-4.87h2c0 1.45 0.56 2.42 1.47 3.38v0.32l-1.15 1.18z\"></path>"
					},
					{
						"html": "<path fill=\"#ea4335\" d=\"m12 16.93a4.97 5.25 0 0 1 -3.54 -1.55l-1.41 1.49c1.26 1.34 3.02 2.13 4.95 2.13 3.87 0 6.99-2.92 6.99-7h-1.99c0 2.92-2.24 4.93-5 4.93z\"></path>"
					},
					{
						"html": "<div jscontroller=\"lpsUAf\" jsname=\"R5mgy\" class=\"nDcEnd\" data-base-lens-url=\"https://lens.google.com\" data-checkerboard-transparent-images-background-enabled=\"false\" data-convert-transparent-images=\"true\" data-dialog-open-contained-to-img-enabled=\"true\" data-downscaling-enabled=\"true\" data-downscaling-max-longest-edge-pixels=\"1000\" data-encoding-compression-ratio=\"0.4\" data-file-format-conversion-enabled=\"true\" data-image-processor-enabled=\"true\" data-is-images-mode=\"false\" data-is-send-dimensions-in-body-enabled=\"false\" data-preferred-mime-type=\"image/jpeg\" data-propagated-experiment-ids=\"72276982,72289742,\" data-transparent-image-background-color=\"#fff\" data-transparent-image-checkerboard-color=\"#fff\" data-upload-path=\"/v3/upload?ssb=1&amp;cpe=1&amp;ifg204=1&amp;\" aria-label=\"Search by image\" role=\"button\" tabindex=\"0\" jsaction=\"rcuQ6b:npT2md;h5M12e\" data-ved=\"0ahUKEwiRoMaC1OD_AhWLbmwGHRAYAasQhqEICAk\">"
					},
					{
						"html": "<svg class=\"Gdd5U\" focusable=\"false\" viewBox=\"0 0 192 192\" xmlns=\"http://www.w3.org/2000/svg\">"
					},
					{
						"html": "<rect fill=\"none\" height=\"192\" width=\"192\"></rect>"
					},
					{
						"html": "<g>"
					},
					{
						"html": "<circle fill=\"#34a853\" cx=\"144.07\" cy=\"144\" r=\"16\"></circle>"
					},
					{
						"html": "<circle fill=\"#4285f4\" cx=\"96.07\" cy=\"104\" r=\"24\"></circle>"
					},
					{
						"html": "<path fill=\"#ea4335\" d=\"M24,135.2c0,18.11,14.69,32.8,32.8,32.8H96v-16l-40.1-0.1c-8.8,0-15.9-8.19-15.9-17.9v-18H24V135.2z\"></path>"
					},
					{
						"html": "<path fill=\"#fbbc05\" d=\"M168,72.8c0-18.11-14.69-32.8-32.8-32.8H116l20,16c8.8,0,16,8.29,16,18v30h16V72.8z\"></path>"
					},
					{
						"html": "<path fill=\"#4285f4\" d=\"M112,24l-32,0L68,40H56.8C38.69,40,24,54.69,24,72.8V92h16V74c0-9.71,7.2-18,16-18h80L112,24z\"></path>"
					},
					{
						"html": "<div jsname=\"mvaK7d\" class=\"M8H8pb\" data-ved=\"0ahUKEwiRoMaC1OD_AhWLbmwGHRAYAasQ4d8ICA8\"></div>"
					},
					{
						"html": "<div class=\"FPdoLc lJ9FBc\">"
					},
					{
						"html": "<center>"
					},
					{
						"html": "<input class=\"gNO89b\" value=\"Google Search\" aria-label=\"Google Search\" name=\"btnK\" role=\"button\" tabindex=\"0\" type=\"submit\" data-ved=\"0ahUKEwiRoMaC1OD_AhWLbmwGHRAYAasQ4dUDCBA\">"
					},
					{
						"html": "<input class=\"RNmpXc\" value=\"I'm Feeling Lucky\" aria-label=\"I'm Feeling Lucky\" name=\"btnI\" type=\"submit\" jsaction=\"trigger.kWlxhc\" data-ved=\"0ahUKEwiRoMaC1OD_AhWLbmwGHRAYAasQ19QECBE\">"
					},
					{
						"html": "<div style=\"background:url(/images/searchbox/desktop_searchbox_sprites318_hr.webp)\"> </div>"
					},
					{
						"html": "<div id=\"tophf\"><input name=\"source\" type=\"hidden\" value=\"hp\"><input value=\"5l6ZZJGVIovdseMPkLCE2Ao\" name=\"ei\" type=\"hidden\"><input value=\"AOEireoAAAAAZJls9kJjfIUnlThzMtIOaHDcNsdweSTj\" name=\"iflsig\" type=\"hidden\"></div>"
					},
					{
						"html": "<div class=\"o3j99 qarstb\">"
					},
					{
						"html": "<div class=\"vcVZ7d\" id=\"gws-output-pages-elements-homepage_additional_languages__als\">"
					},
					{
						"html": "<a href=\"https://www.google.com/setprefs?sig=0_Y2G0fTq2a8kOKpytx2EUmFOTSdg%3D&amp;hl=zh-CN&amp;source=homepage&amp;sa=X&amp;ved=0ahUKEwiRoMaC1OD_AhWLbmwGHRAYAasQ2ZgBCBM\">中文(简体)</a>"
					},
					{
						"html": "<a href=\"https://www.google.com/setprefs?sig=0_Y2G0fTq2a8kOKpytx2EUmFOTSdg%3D&amp;hl=ms&amp;source=homepage&amp;sa=X&amp;ved=0ahUKEwiRoMaC1OD_AhWLbmwGHRAYAasQ2ZgBCBQ\">Bahasa Melayu</a>"
					},
					{
						"html": "<a href=\"https://www.google.com/setprefs?sig=0_Y2G0fTq2a8kOKpytx2EUmFOTSdg%3D&amp;hl=ta&amp;source=homepage&amp;sa=X&amp;ved=0ahUKEwiRoMaC1OD_AhWLbmwGHRAYAasQ2ZgBCBU\">தமிழ்</a>"
					},
					{
						"html": "<div class=\"o3j99 c93Gbe\">"
					},
					{
						"html": "<div jscontroller=\"NzU6V\" class=\"KxwPGc SSwjIe\" data-sfe=\"false\" data-sfsw=\"1200\" jsaction=\"rcuQ6b:npT2md\">"
					},
					{
						"html": "<a class=\"pHiOh\" href=\"https://www.google.com/intl/en_sg/ads/?subid=ww-ww-et-g-awa-a-g_hpafoot1_1!o2&amp;utm_source=google.com&amp;utm_medium=referral&amp;utm_campaign=google_hpafooter&amp;fg=1\" ping=\"/url?sa=t&amp;rct=j&amp;source=webhp&amp;url=https://www.google.com/intl/en_sg/ads/%3Fsubid%3Dww-ww-et-g-awa-a-g_hpafoot1_1!o2%26utm_source%3Dgoogle.com%26utm_medium%3Dreferral%26utm_campaign%3Dgoogle_hpafooter%26fg%3D1&amp;ved=0ahUKEwiRoMaC1OD_AhWLbmwGHRAYAasQkdQCCBY\">"
					},
					{
						"html": "<a class=\"pHiOh\" href=\"https://www.google.com/services/?subid=ww-ww-et-g-awa-a-g_hpbfoot1_1!o2&amp;utm_source=google.com&amp;utm_medium=referral&amp;utm_campaign=google_hpbfooter&amp;fg=1\" ping=\"/url?sa=t&amp;rct=j&amp;source=webhp&amp;url=https://www.google.com/services/%3Fsubid%3Dww-ww-et-g-awa-a-g_hpbfoot1_1!o2%26utm_source%3Dgoogle.com%26utm_medium%3Dreferral%26utm_campaign%3Dgoogle_hpbfooter%26fg%3D1&amp;ved=0ahUKEwiRoMaC1OD_AhWLbmwGHRAYAasQktQCCBc\">"
					},
					{
						"html": "<a class=\"pHiOh\" href=\"https://google.com/search/howsearchworks/?fg=1\"> How Search works </a>"
					},
					{
						"html": "<div class=\"KxwPGc iTjxkf\">"
					},
					{
						"html": "<span>"
					},
					{
						"html": "<span jscontroller=\"nabPbb\" jsaction=\"KyPa0e:Y0y4c;BVfjhf:VFzweb;wjOG7e:gDkf4c;\">"
					},
					{
						"html": "<g-popup jsname=\"V68bde\" jscontroller=\"DPreE\" jsaction=\"A05xBd:IYtByb;EOZ57e:WFrRFb;\" jsdata=\"mVjAjf;_;CKZ/6o\">"
					},
					{
						"html": "<div jsname=\"oYxtQd\" class=\"CcNe6e\" aria-expanded=\"false\" aria-haspopup=\"true\" role=\"button\" tabindex=\"0\" jsaction=\"WFrRFb;keydown:uYT2Vb\"><div jsname=\"LgbsSe\" class=\"ayzqOc pHiOh\" aria-controls=\"_5l6ZZJGVIovdseMPkLCE2Ao_1\" aria-haspopup=\"true\">Settings</div></div>"
					},
					{
						"html": "<div jsname=\"LgbsSe\" class=\"ayzqOc pHiOh\" aria-controls=\"_5l6ZZJGVIovdseMPkLCE2Ao_1\" aria-haspopup=\"true\">Settings</div>"
					},
					{
						"html": "<div class=\"Fgvgjc\">"
					},
					{
						"html": "<div class=\"gTMtLb fp-nh\" id=\"lb\"><style>.gTMtLb{z-index:1001;position:absolute;top:-1000px}</style></div>"
					},
					{
						"html": "<div jscontroller=\"ms4mZb\" data-jiis=\"up\" data-async-type=\"hpba\" id=\"a3JU5b\" class=\"yf\" jsaction=\"rcuQ6b:npT2md\" data-ved=\"0ahUKEwiRoMaC1OD_AhWLbmwGHRAYAasQj-0KCB0\" eid=\"516ZZIHbHfiy4-EP2LKd0Ao\"></div>"
					},
					{
						"html": "<div><div></div></div>"
					},
					{
						"html": "<div></div>"
					}
				]
			},
			"tabindex": {
				"description": "Elements should not have tabindex greater than zero",
				"helpUrl": "https://dequeuniversity.com/rules/axe/4.6/tabindex?application=purple-hats",
				"conformance": [
					"best-practice"
				],
				"totalItems": 5,
				"items": [
					{
						"html": "<a class=\"gb_d\" aria-label=\"Google apps\" href=\"https://www.google.com.sg/intl/en/about/products\" aria-expanded=\"false\" role=\"button\" tabindex=\"0\">"
					},
					{
						"html": "<div jscontroller=\"unV4T\" jsname=\"F7uqIe\" class=\"XDyW0e\" aria-label=\"Search by voice\" role=\"button\" tabindex=\"0\" jsaction=\"h5M12e;rcuQ6b:npT2md\" data-ved=\"0ahUKEwiRoMaC1OD_AhWLbmwGHRAYAasQvs8DCAg\">"
					},
					{
						"html": "<div jscontroller=\"lpsUAf\" jsname=\"R5mgy\" class=\"nDcEnd\" data-base-lens-url=\"https://lens.google.com\" data-checkerboard-transparent-images-background-enabled=\"false\" data-convert-transparent-images=\"true\" data-dialog-open-contained-to-img-enabled=\"true\" data-downscaling-enabled=\"true\" data-downscaling-max-longest-edge-pixels=\"1000\" data-encoding-compression-ratio=\"0.4\" data-file-format-conversion-enabled=\"true\" data-image-processor-enabled=\"true\" data-is-images-mode=\"false\" data-is-send-dimensions-in-body-enabled=\"false\" data-preferred-mime-type=\"image/jpeg\" data-propagated-experiment-ids=\"72276982,72289742,\" data-transparent-image-background-color=\"#fff\" data-transparent-image-checkerboard-color=\"#fff\" data-upload-path=\"/v3/upload?ssb=1&amp;cpe=1&amp;ifg204=1&amp;\" aria-label=\"Search by image\" role=\"button\" tabindex=\"0\" jsaction=\"rcuQ6b:npT2md;h5M12e\" data-ved=\"0ahUKEwiRoMaC1OD_AhWLbmwGHRAYAasQhqEICAk\">"
					},
					{
						"html": "<input class=\"gNO89b\" value=\"Google Search\" aria-label=\"Google Search\" name=\"btnK\" role=\"button\" tabindex=\"0\" type=\"submit\" data-ved=\"0ahUKEwiRoMaC1OD_AhWLbmwGHRAYAasQ4dUDCBA\">"
					},
					{
						"html": "<div jsname=\"oYxtQd\" class=\"CcNe6e\" aria-expanded=\"false\" aria-haspopup=\"true\" role=\"button\" tabindex=\"0\" jsaction=\"WFrRFb;keydown:uYT2Vb\"><div jsname=\"LgbsSe\" class=\"ayzqOc pHiOh\" aria-controls=\"_5l6ZZJGVIovdseMPkLCE2Ao_1\" aria-haspopup=\"true\">Settings</div></div>"
					}
				]
			}
		}
	}
}